[0.050s] DEBUG:colcon:Command line arguments: ['/usr/bin/colcon', 'build', '--symlink-install', '--cmake-args', '-DCMAKE_BUILD_TYPE=Release']
[0.050s] DEBUG:colcon:Parsed command line arguments: Namespace(log_base=None, log_level=None, verb_name='build', build_base='build', install_base='install', merge_install=False, symlink_install=True, test_result_base=None, continue_on_error=False, executor='parallel', parallel_workers=32, event_handlers=None, ignore_user_meta=False, metas=['./colcon.meta'], base_paths=['.'], packages_ignore=None, packages_ignore_regex=None, paths=None, packages_up_to=None, packages_up_to_regex=None, packages_above=None, packages_above_and_dependencies=None, packages_above_depth=None, packages_select_by_dep=None, packages_skip_by_dep=None, packages_skip_up_to=None, packages_select_build_failed=False, packages_skip_build_finished=False, packages_select_test_failures=False, packages_skip_test_passed=False, packages_select=None, packages_skip=None, packages_select_regex=None, packages_skip_regex=None, packages_start=None, packages_end=None, allow_overriding=[], cmake_args=['-DCMAKE_BUILD_TYPE=Release'], cmake_target=None, cmake_target_skip_unavailable=False, cmake_clean_cache=False, cmake_clean_first=False, cmake_force_configure=False, ament_cmake_args=None, catkin_cmake_args=None, catkin_skip_building_tests=False, verb_parser=<colcon_defaults.argument_parser.defaults.DefaultArgumentsDecorator object at 0x754aabbd7fd0>, verb_extension=<colcon_core.verb.build.BuildVerb object at 0x754aabbd7ac0>, main=<bound method BuildVerb.main of <colcon_core.verb.build.BuildVerb object at 0x754aabbd7ac0>>)
[0.117s] Level 1:colcon.colcon_core.package_discovery:discover_packages(colcon_meta) check parameters
[0.117s] Level 1:colcon.colcon_core.package_discovery:discover_packages(recursive) check parameters
[0.117s] Level 1:colcon.colcon_core.package_discovery:discover_packages(ignore) check parameters
[0.117s] Level 1:colcon.colcon_core.package_discovery:discover_packages(path) check parameters
[0.117s] Level 1:colcon.colcon_core.package_discovery:discover_packages(colcon_meta) discover
[0.117s] Level 1:colcon.colcon_core.package_discovery:discover_packages(recursive) discover
[0.117s] INFO:colcon.colcon_core.package_discovery:Crawling recursively for packages in '/home/lin/SX_RM_Navigation/Path_Navigation'
[0.117s] Level 1:colcon.colcon_core.package_identification:_identify(.) by extensions ['ignore', 'ignore_ament_install']
[0.117s] Level 1:colcon.colcon_core.package_identification:_identify(.) by extension 'ignore'
[0.118s] Level 1:colcon.colcon_core.package_identification:_identify(.) by extension 'ignore_ament_install'
[0.118s] Level 1:colcon.colcon_core.package_identification:_identify(.) by extensions ['colcon_pkg']
[0.118s] Level 1:colcon.colcon_core.package_identification:_identify(.) by extension 'colcon_pkg'
[0.118s] Level 1:colcon.colcon_core.package_identification:_identify(.) by extensions ['colcon_meta']
[0.118s] Level 1:colcon.colcon_core.package_identification:_identify(.) by extension 'colcon_meta'
[0.118s] Level 1:colcon.colcon_core.package_identification:_identify(.) by extensions ['ros']
[0.118s] Level 1:colcon.colcon_core.package_identification:_identify(.) by extension 'ros'
[0.123s] Level 1:colcon.colcon_core.package_identification:_identify(.) by extensions ['cmake', 'python']
[0.123s] Level 1:colcon.colcon_core.package_identification:_identify(.) by extension 'cmake'
[0.123s] Level 1:colcon.colcon_core.package_identification:_identify(.) by extension 'python'
[0.123s] Level 1:colcon.colcon_core.package_identification:_identify(.) by extensions ['python_setup_py']
[0.123s] Level 1:colcon.colcon_core.package_identification:_identify(.) by extension 'python_setup_py'
[0.123s] Level 1:colcon.colcon_core.package_identification:_identify(build) by extensions ['ignore', 'ignore_ament_install']
[0.123s] Level 1:colcon.colcon_core.package_identification:_identify(build) by extension 'ignore'
[0.123s] Level 1:colcon.colcon_core.package_identification:_identify(build) ignored
[0.123s] Level 1:colcon.colcon_core.package_identification:_identify(install) by extensions ['ignore', 'ignore_ament_install']
[0.123s] Level 1:colcon.colcon_core.package_identification:_identify(install) by extension 'ignore'
[0.123s] Level 1:colcon.colcon_core.package_identification:_identify(install) ignored
[0.123s] Level 1:colcon.colcon_core.package_identification:_identify(log) by extensions ['ignore', 'ignore_ament_install']
[0.123s] Level 1:colcon.colcon_core.package_identification:_identify(log) by extension 'ignore'
[0.123s] Level 1:colcon.colcon_core.package_identification:_identify(log) ignored
[0.123s] Level 1:colcon.colcon_core.package_identification:_identify(src) by extensions ['ignore', 'ignore_ament_install']
[0.123s] Level 1:colcon.colcon_core.package_identification:_identify(src) by extension 'ignore'
[0.123s] Level 1:colcon.colcon_core.package_identification:_identify(src) by extension 'ignore_ament_install'
[0.123s] Level 1:colcon.colcon_core.package_identification:_identify(src) by extensions ['colcon_pkg']
[0.123s] Level 1:colcon.colcon_core.package_identification:_identify(src) by extension 'colcon_pkg'
[0.123s] Level 1:colcon.colcon_core.package_identification:_identify(src) by extensions ['colcon_meta']
[0.123s] Level 1:colcon.colcon_core.package_identification:_identify(src) by extension 'colcon_meta'
[0.123s] Level 1:colcon.colcon_core.package_identification:_identify(src) by extensions ['ros']
[0.123s] Level 1:colcon.colcon_core.package_identification:_identify(src) by extension 'ros'
[0.123s] Level 1:colcon.colcon_core.package_identification:_identify(src) by extensions ['cmake', 'python']
[0.123s] Level 1:colcon.colcon_core.package_identification:_identify(src) by extension 'cmake'
[0.123s] Level 1:colcon.colcon_core.package_identification:_identify(src) by extension 'python'
[0.123s] Level 1:colcon.colcon_core.package_identification:_identify(src) by extensions ['python_setup_py']
[0.123s] Level 1:colcon.colcon_core.package_identification:_identify(src) by extension 'python_setup_py'
[0.123s] Level 1:colcon.colcon_core.package_identification:_identify(src/TF_transform) by extensions ['ignore', 'ignore_ament_install']
[0.123s] Level 1:colcon.colcon_core.package_identification:_identify(src/TF_transform) by extension 'ignore'
[0.124s] Level 1:colcon.colcon_core.package_identification:_identify(src/TF_transform) by extension 'ignore_ament_install'
[0.124s] Level 1:colcon.colcon_core.package_identification:_identify(src/TF_transform) by extensions ['colcon_pkg']
[0.124s] Level 1:colcon.colcon_core.package_identification:_identify(src/TF_transform) by extension 'colcon_pkg'
[0.124s] Level 1:colcon.colcon_core.package_identification:_identify(src/TF_transform) by extensions ['colcon_meta']
[0.124s] Level 1:colcon.colcon_core.package_identification:_identify(src/TF_transform) by extension 'colcon_meta'
[0.124s] Level 1:colcon.colcon_core.package_identification:_identify(src/TF_transform) by extensions ['ros']
[0.124s] Level 1:colcon.colcon_core.package_identification:_identify(src/TF_transform) by extension 'ros'
[0.125s] DEBUG:colcon.colcon_core.package_identification:Package 'src/TF_transform' with type 'ros.ament_cmake' and name 'TF_transform'
[0.125s] Level 1:colcon.colcon_core.package_identification:_identify(src/ign_sim_pointcloud_tool) by extensions ['ignore', 'ignore_ament_install']
[0.125s] Level 1:colcon.colcon_core.package_identification:_identify(src/ign_sim_pointcloud_tool) by extension 'ignore'
[0.125s] Level 1:colcon.colcon_core.package_identification:_identify(src/ign_sim_pointcloud_tool) by extension 'ignore_ament_install'
[0.125s] Level 1:colcon.colcon_core.package_identification:_identify(src/ign_sim_pointcloud_tool) by extensions ['colcon_pkg']
[0.125s] Level 1:colcon.colcon_core.package_identification:_identify(src/ign_sim_pointcloud_tool) by extension 'colcon_pkg'
[0.125s] Level 1:colcon.colcon_core.package_identification:_identify(src/ign_sim_pointcloud_tool) by extensions ['colcon_meta']
[0.125s] Level 1:colcon.colcon_core.package_identification:_identify(src/ign_sim_pointcloud_tool) by extension 'colcon_meta'
[0.125s] Level 1:colcon.colcon_core.package_identification:_identify(src/ign_sim_pointcloud_tool) by extensions ['ros']
[0.125s] Level 1:colcon.colcon_core.package_identification:_identify(src/ign_sim_pointcloud_tool) by extension 'ros'
[0.125s] DEBUG:colcon.colcon_core.package_identification:Package 'src/ign_sim_pointcloud_tool' with type 'ros.ament_cmake' and name 'ign_sim_pointcloud_tool'
[0.125s] Level 1:colcon.colcon_core.package_identification:_identify(src/livox_ros_driver2) by extensions ['ignore', 'ignore_ament_install']
[0.125s] Level 1:colcon.colcon_core.package_identification:_identify(src/livox_ros_driver2) by extension 'ignore'
[0.125s] Level 1:colcon.colcon_core.package_identification:_identify(src/livox_ros_driver2) by extension 'ignore_ament_install'
[0.126s] Level 1:colcon.colcon_core.package_identification:_identify(src/livox_ros_driver2) by extensions ['colcon_pkg']
[0.126s] Level 1:colcon.colcon_core.package_identification:_identify(src/livox_ros_driver2) by extension 'colcon_pkg'
[0.126s] Level 1:colcon.colcon_core.package_identification:_identify(src/livox_ros_driver2) by extensions ['colcon_meta']
[0.126s] Level 1:colcon.colcon_core.package_identification:_identify(src/livox_ros_driver2) by extension 'colcon_meta'
[0.126s] Level 1:colcon.colcon_core.package_identification:_identify(src/livox_ros_driver2) by extensions ['ros']
[0.126s] Level 1:colcon.colcon_core.package_identification:_identify(src/livox_ros_driver2) by extension 'ros'
[0.126s] DEBUG:colcon.colcon_core.package_identification:Package 'src/livox_ros_driver2' with type 'ros.ament_cmake' and name 'livox_ros_driver2'
[0.126s] Level 1:colcon.colcon_core.package_identification:_identify(src/loam_interface) by extensions ['ignore', 'ignore_ament_install']
[0.126s] Level 1:colcon.colcon_core.package_identification:_identify(src/loam_interface) by extension 'ignore'
[0.126s] Level 1:colcon.colcon_core.package_identification:_identify(src/loam_interface) by extension 'ignore_ament_install'
[0.126s] Level 1:colcon.colcon_core.package_identification:_identify(src/loam_interface) by extensions ['colcon_pkg']
[0.126s] Level 1:colcon.colcon_core.package_identification:_identify(src/loam_interface) by extension 'colcon_pkg'
[0.126s] Level 1:colcon.colcon_core.package_identification:_identify(src/loam_interface) by extensions ['colcon_meta']
[0.126s] Level 1:colcon.colcon_core.package_identification:_identify(src/loam_interface) by extension 'colcon_meta'
[0.126s] Level 1:colcon.colcon_core.package_identification:_identify(src/loam_interface) by extensions ['ros']
[0.126s] Level 1:colcon.colcon_core.package_identification:_identify(src/loam_interface) by extension 'ros'
[0.127s] DEBUG:colcon.colcon_core.package_identification:Package 'src/loam_interface' with type 'ros.ament_cmake' and name 'loam_interface'
[0.127s] Level 1:colcon.colcon_core.package_identification:_identify(src/map_cost_extend) by extensions ['ignore', 'ignore_ament_install']
[0.127s] Level 1:colcon.colcon_core.package_identification:_identify(src/map_cost_extend) by extension 'ignore'
[0.127s] Level 1:colcon.colcon_core.package_identification:_identify(src/map_cost_extend) by extension 'ignore_ament_install'
[0.127s] Level 1:colcon.colcon_core.package_identification:_identify(src/map_cost_extend) by extensions ['colcon_pkg']
[0.127s] Level 1:colcon.colcon_core.package_identification:_identify(src/map_cost_extend) by extension 'colcon_pkg'
[0.127s] Level 1:colcon.colcon_core.package_identification:_identify(src/map_cost_extend) by extensions ['colcon_meta']
[0.127s] Level 1:colcon.colcon_core.package_identification:_identify(src/map_cost_extend) by extension 'colcon_meta'
[0.127s] Level 1:colcon.colcon_core.package_identification:_identify(src/map_cost_extend) by extensions ['ros']
[0.127s] Level 1:colcon.colcon_core.package_identification:_identify(src/map_cost_extend) by extension 'ros'
[0.128s] DEBUG:colcon.colcon_core.package_identification:Package 'src/map_cost_extend' with type 'ros.ament_cmake' and name 'map_cost_extend'
[0.128s] Level 1:colcon.colcon_core.package_identification:_identify(src/nav_bringup) by extensions ['ignore', 'ignore_ament_install']
[0.128s] Level 1:colcon.colcon_core.package_identification:_identify(src/nav_bringup) by extension 'ignore'
[0.128s] Level 1:colcon.colcon_core.package_identification:_identify(src/nav_bringup) by extension 'ignore_ament_install'
[0.128s] Level 1:colcon.colcon_core.package_identification:_identify(src/nav_bringup) by extensions ['colcon_pkg']
[0.128s] Level 1:colcon.colcon_core.package_identification:_identify(src/nav_bringup) by extension 'colcon_pkg'
[0.128s] Level 1:colcon.colcon_core.package_identification:_identify(src/nav_bringup) by extensions ['colcon_meta']
[0.128s] Level 1:colcon.colcon_core.package_identification:_identify(src/nav_bringup) by extension 'colcon_meta'
[0.128s] Level 1:colcon.colcon_core.package_identification:_identify(src/nav_bringup) by extensions ['ros']
[0.128s] Level 1:colcon.colcon_core.package_identification:_identify(src/nav_bringup) by extension 'ros'
[0.128s] DEBUG:colcon.colcon_core.package_identification:Package 'src/nav_bringup' with type 'ros.ament_cmake' and name 'nav_bringup'
[0.128s] Level 1:colcon.colcon_core.package_identification:_identify(src/path_tracking_controller) by extensions ['ignore', 'ignore_ament_install']
[0.128s] Level 1:colcon.colcon_core.package_identification:_identify(src/path_tracking_controller) by extension 'ignore'
[0.128s] Level 1:colcon.colcon_core.package_identification:_identify(src/path_tracking_controller) by extension 'ignore_ament_install'
[0.128s] Level 1:colcon.colcon_core.package_identification:_identify(src/path_tracking_controller) by extensions ['colcon_pkg']
[0.128s] Level 1:colcon.colcon_core.package_identification:_identify(src/path_tracking_controller) by extension 'colcon_pkg'
[0.128s] Level 1:colcon.colcon_core.package_identification:_identify(src/path_tracking_controller) by extensions ['colcon_meta']
[0.128s] Level 1:colcon.colcon_core.package_identification:_identify(src/path_tracking_controller) by extension 'colcon_meta'
[0.128s] Level 1:colcon.colcon_core.package_identification:_identify(src/path_tracking_controller) by extensions ['ros']
[0.128s] Level 1:colcon.colcon_core.package_identification:_identify(src/path_tracking_controller) by extension 'ros'
[0.129s] DEBUG:colcon.colcon_core.package_identification:Package 'src/path_tracking_controller' with type 'ros.ament_cmake' and name 'path_tracking_controller'
[0.129s] Level 1:colcon.colcon_core.package_identification:_identify(src/point_lio) by extensions ['ignore', 'ignore_ament_install']
[0.129s] Level 1:colcon.colcon_core.package_identification:_identify(src/point_lio) by extension 'ignore'
[0.129s] Level 1:colcon.colcon_core.package_identification:_identify(src/point_lio) by extension 'ignore_ament_install'
[0.129s] Level 1:colcon.colcon_core.package_identification:_identify(src/point_lio) by extensions ['colcon_pkg']
[0.129s] Level 1:colcon.colcon_core.package_identification:_identify(src/point_lio) by extension 'colcon_pkg'
[0.129s] Level 1:colcon.colcon_core.package_identification:_identify(src/point_lio) by extensions ['colcon_meta']
[0.129s] Level 1:colcon.colcon_core.package_identification:_identify(src/point_lio) by extension 'colcon_meta'
[0.129s] Level 1:colcon.colcon_core.package_identification:_identify(src/point_lio) by extensions ['ros']
[0.129s] Level 1:colcon.colcon_core.package_identification:_identify(src/point_lio) by extension 'ros'
[0.130s] DEBUG:colcon.colcon_core.package_identification:Package 'src/point_lio' with type 'ros.ament_cmake' and name 'point_lio'
[0.130s] Level 1:colcon.colcon_core.package_identification:_identify(src/pointcloud_to_laserscan) by extensions ['ignore', 'ignore_ament_install']
[0.130s] Level 1:colcon.colcon_core.package_identification:_identify(src/pointcloud_to_laserscan) by extension 'ignore'
[0.130s] Level 1:colcon.colcon_core.package_identification:_identify(src/pointcloud_to_laserscan) by extension 'ignore_ament_install'
[0.130s] Level 1:colcon.colcon_core.package_identification:_identify(src/pointcloud_to_laserscan) by extensions ['colcon_pkg']
[0.130s] Level 1:colcon.colcon_core.package_identification:_identify(src/pointcloud_to_laserscan) by extension 'colcon_pkg'
[0.130s] Level 1:colcon.colcon_core.package_identification:_identify(src/pointcloud_to_laserscan) by extensions ['colcon_meta']
[0.130s] Level 1:colcon.colcon_core.package_identification:_identify(src/pointcloud_to_laserscan) by extension 'colcon_meta'
[0.130s] Level 1:colcon.colcon_core.package_identification:_identify(src/pointcloud_to_laserscan) by extensions ['ros']
[0.130s] Level 1:colcon.colcon_core.package_identification:_identify(src/pointcloud_to_laserscan) by extension 'ros'
[0.130s] DEBUG:colcon.colcon_core.package_identification:Package 'src/pointcloud_to_laserscan' with type 'ros.ament_cmake' and name 'pointcloud_to_laserscan'
[0.131s] Level 1:colcon.colcon_core.package_identification:_identify(src/sensor_scan_generation) by extensions ['ignore', 'ignore_ament_install']
[0.131s] Level 1:colcon.colcon_core.package_identification:_identify(src/sensor_scan_generation) by extension 'ignore'
[0.131s] Level 1:colcon.colcon_core.package_identification:_identify(src/sensor_scan_generation) by extension 'ignore_ament_install'
[0.131s] Level 1:colcon.colcon_core.package_identification:_identify(src/sensor_scan_generation) by extensions ['colcon_pkg']
[0.131s] Level 1:colcon.colcon_core.package_identification:_identify(src/sensor_scan_generation) by extension 'colcon_pkg'
[0.131s] Level 1:colcon.colcon_core.package_identification:_identify(src/sensor_scan_generation) by extensions ['colcon_meta']
[0.131s] Level 1:colcon.colcon_core.package_identification:_identify(src/sensor_scan_generation) by extension 'colcon_meta'
[0.131s] Level 1:colcon.colcon_core.package_identification:_identify(src/sensor_scan_generation) by extensions ['ros']
[0.131s] Level 1:colcon.colcon_core.package_identification:_identify(src/sensor_scan_generation) by extension 'ros'
[0.131s] DEBUG:colcon.colcon_core.package_identification:Package 'src/sensor_scan_generation' with type 'ros.ament_cmake' and name 'sensor_scan_generation'
[0.131s] Level 1:colcon.colcon_core.package_identification:_identify(src/small_gicp_relocalization) by extensions ['ignore', 'ignore_ament_install']
[0.131s] Level 1:colcon.colcon_core.package_identification:_identify(src/small_gicp_relocalization) by extension 'ignore'
[0.131s] Level 1:colcon.colcon_core.package_identification:_identify(src/small_gicp_relocalization) by extension 'ignore_ament_install'
[0.131s] Level 1:colcon.colcon_core.package_identification:_identify(src/small_gicp_relocalization) by extensions ['colcon_pkg']
[0.131s] Level 1:colcon.colcon_core.package_identification:_identify(src/small_gicp_relocalization) by extension 'colcon_pkg'
[0.131s] Level 1:colcon.colcon_core.package_identification:_identify(src/small_gicp_relocalization) by extensions ['colcon_meta']
[0.131s] Level 1:colcon.colcon_core.package_identification:_identify(src/small_gicp_relocalization) by extension 'colcon_meta'
[0.131s] Level 1:colcon.colcon_core.package_identification:_identify(src/small_gicp_relocalization) by extensions ['ros']
[0.131s] Level 1:colcon.colcon_core.package_identification:_identify(src/small_gicp_relocalization) by extension 'ros'
[0.132s] DEBUG:colcon.colcon_core.package_identification:Package 'src/small_gicp_relocalization' with type 'ros.ament_cmake' and name 'small_gicp_relocalization'
[0.132s] Level 1:colcon.colcon_core.package_identification:_identify(src/spin_conversion) by extensions ['ignore', 'ignore_ament_install']
[0.132s] Level 1:colcon.colcon_core.package_identification:_identify(src/spin_conversion) by extension 'ignore'
[0.132s] Level 1:colcon.colcon_core.package_identification:_identify(src/spin_conversion) by extension 'ignore_ament_install'
[0.132s] Level 1:colcon.colcon_core.package_identification:_identify(src/spin_conversion) by extensions ['colcon_pkg']
[0.132s] Level 1:colcon.colcon_core.package_identification:_identify(src/spin_conversion) by extension 'colcon_pkg'
[0.132s] Level 1:colcon.colcon_core.package_identification:_identify(src/spin_conversion) by extensions ['colcon_meta']
[0.132s] Level 1:colcon.colcon_core.package_identification:_identify(src/spin_conversion) by extension 'colcon_meta'
[0.132s] Level 1:colcon.colcon_core.package_identification:_identify(src/spin_conversion) by extensions ['ros']
[0.132s] Level 1:colcon.colcon_core.package_identification:_identify(src/spin_conversion) by extension 'ros'
[0.132s] DEBUG:colcon.colcon_core.package_identification:Package 'src/spin_conversion' with type 'ros.ament_cmake' and name 'spin_conversion'
[0.133s] Level 1:colcon.colcon_core.package_identification:_identify(src/terrain_analysis) by extensions ['ignore', 'ignore_ament_install']
[0.133s] Level 1:colcon.colcon_core.package_identification:_identify(src/terrain_analysis) by extension 'ignore'
[0.133s] Level 1:colcon.colcon_core.package_identification:_identify(src/terrain_analysis) by extension 'ignore_ament_install'
[0.133s] Level 1:colcon.colcon_core.package_identification:_identify(src/terrain_analysis) by extensions ['colcon_pkg']
[0.133s] Level 1:colcon.colcon_core.package_identification:_identify(src/terrain_analysis) by extension 'colcon_pkg'
[0.133s] Level 1:colcon.colcon_core.package_identification:_identify(src/terrain_analysis) by extensions ['colcon_meta']
[0.133s] Level 1:colcon.colcon_core.package_identification:_identify(src/terrain_analysis) by extension 'colcon_meta'
[0.133s] Level 1:colcon.colcon_core.package_identification:_identify(src/terrain_analysis) by extensions ['ros']
[0.133s] Level 1:colcon.colcon_core.package_identification:_identify(src/terrain_analysis) by extension 'ros'
[0.133s] DEBUG:colcon.colcon_core.package_identification:Package 'src/terrain_analysis' with type 'ros.ament_cmake' and name 'terrain_analysis'
[0.133s] Level 1:colcon.colcon_core.package_identification:_identify(src/terrain_analysis_ext) by extensions ['ignore', 'ignore_ament_install']
[0.133s] Level 1:colcon.colcon_core.package_identification:_identify(src/terrain_analysis_ext) by extension 'ignore'
[0.133s] Level 1:colcon.colcon_core.package_identification:_identify(src/terrain_analysis_ext) by extension 'ignore_ament_install'
[0.133s] Level 1:colcon.colcon_core.package_identification:_identify(src/terrain_analysis_ext) by extensions ['colcon_pkg']
[0.133s] Level 1:colcon.colcon_core.package_identification:_identify(src/terrain_analysis_ext) by extension 'colcon_pkg'
[0.133s] Level 1:colcon.colcon_core.package_identification:_identify(src/terrain_analysis_ext) by extensions ['colcon_meta']
[0.133s] Level 1:colcon.colcon_core.package_identification:_identify(src/terrain_analysis_ext) by extension 'colcon_meta'
[0.133s] Level 1:colcon.colcon_core.package_identification:_identify(src/terrain_analysis_ext) by extensions ['ros']
[0.133s] Level 1:colcon.colcon_core.package_identification:_identify(src/terrain_analysis_ext) by extension 'ros'
[0.134s] DEBUG:colcon.colcon_core.package_identification:Package 'src/terrain_analysis_ext' with type 'ros.ament_cmake' and name 'terrain_analysis_ext'
[0.134s] Level 1:colcon.colcon_core.package_discovery:discover_packages(recursive) using defaults
[0.134s] Level 1:colcon.colcon_core.package_discovery:discover_packages(ignore) discover
[0.134s] Level 1:colcon.colcon_core.package_discovery:discover_packages(ignore) using defaults
[0.134s] Level 1:colcon.colcon_core.package_discovery:discover_packages(path) discover
[0.134s] Level 1:colcon.colcon_core.package_discovery:discover_packages(path) using defaults
[0.150s] Level 1:colcon.colcon_core.package_discovery:discover_packages(prefix_path) check parameters
[0.150s] Level 1:colcon.colcon_core.package_discovery:discover_packages(prefix_path) discover
[0.152s] DEBUG:colcon.colcon_installed_package_information.package_discovery:Found 14 installed packages in /home/lin/SX_RM_Navigation/Path_Navigation/install
[0.153s] DEBUG:colcon.colcon_installed_package_information.package_discovery:Found 335 installed packages in /opt/ros/humble
[0.153s] Level 1:colcon.colcon_core.package_discovery:discover_packages(prefix_path) using defaults
[0.171s] Level 5:colcon.colcon_core.verb:set package 'TF_transform' build argument 'cmake_args' from command line to '['-DCMAKE_BUILD_TYPE=Release']'
[0.171s] Level 5:colcon.colcon_core.verb:set package 'TF_transform' build argument 'cmake_target' from command line to 'None'
[0.171s] Level 5:colcon.colcon_core.verb:set package 'TF_transform' build argument 'cmake_target_skip_unavailable' from command line to 'False'
[0.171s] Level 5:colcon.colcon_core.verb:set package 'TF_transform' build argument 'cmake_clean_cache' from command line to 'False'
[0.171s] Level 5:colcon.colcon_core.verb:set package 'TF_transform' build argument 'cmake_clean_first' from command line to 'False'
[0.171s] Level 5:colcon.colcon_core.verb:set package 'TF_transform' build argument 'cmake_force_configure' from command line to 'False'
[0.171s] Level 5:colcon.colcon_core.verb:set package 'TF_transform' build argument 'ament_cmake_args' from command line to 'None'
[0.171s] Level 5:colcon.colcon_core.verb:set package 'TF_transform' build argument 'catkin_cmake_args' from command line to 'None'
[0.171s] Level 5:colcon.colcon_core.verb:set package 'TF_transform' build argument 'catkin_skip_building_tests' from command line to 'False'
[0.171s] DEBUG:colcon.colcon_core.verb:Building package 'TF_transform' with the following arguments: {'ament_cmake_args': None, 'build_base': '/home/lin/SX_RM_Navigation/Path_Navigation/build/TF_transform', 'catkin_cmake_args': None, 'catkin_skip_building_tests': False, 'cmake_args': ['-DCMAKE_BUILD_TYPE=Release'], 'cmake_clean_cache': False, 'cmake_clean_first': False, 'cmake_force_configure': False, 'cmake_target': None, 'cmake_target_skip_unavailable': False, 'install_base': '/home/lin/SX_RM_Navigation/Path_Navigation/install/TF_transform', 'merge_install': False, 'path': '/home/lin/SX_RM_Navigation/Path_Navigation/src/TF_transform', 'symlink_install': True, 'test_result_base': None}
[0.171s] Level 5:colcon.colcon_core.verb:set package 'ign_sim_pointcloud_tool' build argument 'cmake_args' from command line to '['-DCMAKE_BUILD_TYPE=Release']'
[0.172s] Level 5:colcon.colcon_core.verb:set package 'ign_sim_pointcloud_tool' build argument 'cmake_target' from command line to 'None'
[0.172s] Level 5:colcon.colcon_core.verb:set package 'ign_sim_pointcloud_tool' build argument 'cmake_target_skip_unavailable' from command line to 'False'
[0.172s] Level 5:colcon.colcon_core.verb:set package 'ign_sim_pointcloud_tool' build argument 'cmake_clean_cache' from command line to 'False'
[0.172s] Level 5:colcon.colcon_core.verb:set package 'ign_sim_pointcloud_tool' build argument 'cmake_clean_first' from command line to 'False'
[0.172s] Level 5:colcon.colcon_core.verb:set package 'ign_sim_pointcloud_tool' build argument 'cmake_force_configure' from command line to 'False'
[0.172s] Level 5:colcon.colcon_core.verb:set package 'ign_sim_pointcloud_tool' build argument 'ament_cmake_args' from command line to 'None'
[0.172s] Level 5:colcon.colcon_core.verb:set package 'ign_sim_pointcloud_tool' build argument 'catkin_cmake_args' from command line to 'None'
[0.172s] Level 5:colcon.colcon_core.verb:set package 'ign_sim_pointcloud_tool' build argument 'catkin_skip_building_tests' from command line to 'False'
[0.172s] DEBUG:colcon.colcon_core.verb:Building package 'ign_sim_pointcloud_tool' with the following arguments: {'ament_cmake_args': None, 'build_base': '/home/lin/SX_RM_Navigation/Path_Navigation/build/ign_sim_pointcloud_tool', 'catkin_cmake_args': None, 'catkin_skip_building_tests': False, 'cmake_args': ['-DCMAKE_BUILD_TYPE=Release'], 'cmake_clean_cache': False, 'cmake_clean_first': False, 'cmake_force_configure': False, 'cmake_target': None, 'cmake_target_skip_unavailable': False, 'install_base': '/home/lin/SX_RM_Navigation/Path_Navigation/install/ign_sim_pointcloud_tool', 'merge_install': False, 'path': '/home/lin/SX_RM_Navigation/Path_Navigation/src/ign_sim_pointcloud_tool', 'symlink_install': True, 'test_result_base': None}
[0.172s] Level 5:colcon.colcon_core.verb:set package 'livox_ros_driver2' build argument 'cmake_args' from command line to '['-DCMAKE_BUILD_TYPE=Release']'
[0.172s] Level 5:colcon.colcon_core.verb:set package 'livox_ros_driver2' build argument 'cmake_target' from command line to 'None'
[0.172s] Level 5:colcon.colcon_core.verb:set package 'livox_ros_driver2' build argument 'cmake_target_skip_unavailable' from command line to 'False'
[0.172s] Level 5:colcon.colcon_core.verb:set package 'livox_ros_driver2' build argument 'cmake_clean_cache' from command line to 'False'
[0.172s] Level 5:colcon.colcon_core.verb:set package 'livox_ros_driver2' build argument 'cmake_clean_first' from command line to 'False'
[0.172s] Level 5:colcon.colcon_core.verb:set package 'livox_ros_driver2' build argument 'cmake_force_configure' from command line to 'False'
[0.172s] Level 5:colcon.colcon_core.verb:set package 'livox_ros_driver2' build argument 'ament_cmake_args' from command line to 'None'
[0.172s] Level 5:colcon.colcon_core.verb:set package 'livox_ros_driver2' build argument 'catkin_cmake_args' from command line to 'None'
[0.172s] Level 5:colcon.colcon_core.verb:set package 'livox_ros_driver2' build argument 'catkin_skip_building_tests' from command line to 'False'
[0.172s] DEBUG:colcon.colcon_core.verb:Building package 'livox_ros_driver2' with the following arguments: {'ament_cmake_args': None, 'build_base': '/home/lin/SX_RM_Navigation/Path_Navigation/build/livox_ros_driver2', 'catkin_cmake_args': None, 'catkin_skip_building_tests': False, 'cmake_args': ['-DCMAKE_BUILD_TYPE=Release'], 'cmake_clean_cache': False, 'cmake_clean_first': False, 'cmake_force_configure': False, 'cmake_target': None, 'cmake_target_skip_unavailable': False, 'install_base': '/home/lin/SX_RM_Navigation/Path_Navigation/install/livox_ros_driver2', 'merge_install': False, 'path': '/home/lin/SX_RM_Navigation/Path_Navigation/src/livox_ros_driver2', 'symlink_install': True, 'test_result_base': None}
[0.172s] Level 5:colcon.colcon_core.verb:set package 'loam_interface' build argument 'cmake_args' from command line to '['-DCMAKE_BUILD_TYPE=Release']'
[0.172s] Level 5:colcon.colcon_core.verb:set package 'loam_interface' build argument 'cmake_target' from command line to 'None'
[0.172s] Level 5:colcon.colcon_core.verb:set package 'loam_interface' build argument 'cmake_target_skip_unavailable' from command line to 'False'
[0.172s] Level 5:colcon.colcon_core.verb:set package 'loam_interface' build argument 'cmake_clean_cache' from command line to 'False'
[0.172s] Level 5:colcon.colcon_core.verb:set package 'loam_interface' build argument 'cmake_clean_first' from command line to 'False'
[0.172s] Level 5:colcon.colcon_core.verb:set package 'loam_interface' build argument 'cmake_force_configure' from command line to 'False'
[0.172s] Level 5:colcon.colcon_core.verb:set package 'loam_interface' build argument 'ament_cmake_args' from command line to 'None'
[0.172s] Level 5:colcon.colcon_core.verb:set package 'loam_interface' build argument 'catkin_cmake_args' from command line to 'None'
[0.172s] Level 5:colcon.colcon_core.verb:set package 'loam_interface' build argument 'catkin_skip_building_tests' from command line to 'False'
[0.172s] DEBUG:colcon.colcon_core.verb:Building package 'loam_interface' with the following arguments: {'ament_cmake_args': None, 'build_base': '/home/lin/SX_RM_Navigation/Path_Navigation/build/loam_interface', 'catkin_cmake_args': None, 'catkin_skip_building_tests': False, 'cmake_args': ['-DCMAKE_BUILD_TYPE=Release'], 'cmake_clean_cache': False, 'cmake_clean_first': False, 'cmake_force_configure': False, 'cmake_target': None, 'cmake_target_skip_unavailable': False, 'install_base': '/home/lin/SX_RM_Navigation/Path_Navigation/install/loam_interface', 'merge_install': False, 'path': '/home/lin/SX_RM_Navigation/Path_Navigation/src/loam_interface', 'symlink_install': True, 'test_result_base': None}
[0.172s] Level 5:colcon.colcon_core.verb:set package 'map_cost_extend' build argument 'cmake_args' from command line to '['-DCMAKE_BUILD_TYPE=Release']'
[0.172s] Level 5:colcon.colcon_core.verb:set package 'map_cost_extend' build argument 'cmake_target' from command line to 'None'
[0.172s] Level 5:colcon.colcon_core.verb:set package 'map_cost_extend' build argument 'cmake_target_skip_unavailable' from command line to 'False'
[0.172s] Level 5:colcon.colcon_core.verb:set package 'map_cost_extend' build argument 'cmake_clean_cache' from command line to 'False'
[0.172s] Level 5:colcon.colcon_core.verb:set package 'map_cost_extend' build argument 'cmake_clean_first' from command line to 'False'
[0.172s] Level 5:colcon.colcon_core.verb:set package 'map_cost_extend' build argument 'cmake_force_configure' from command line to 'False'
[0.172s] Level 5:colcon.colcon_core.verb:set package 'map_cost_extend' build argument 'ament_cmake_args' from command line to 'None'
[0.172s] Level 5:colcon.colcon_core.verb:set package 'map_cost_extend' build argument 'catkin_cmake_args' from command line to 'None'
[0.172s] Level 5:colcon.colcon_core.verb:set package 'map_cost_extend' build argument 'catkin_skip_building_tests' from command line to 'False'
[0.172s] DEBUG:colcon.colcon_core.verb:Building package 'map_cost_extend' with the following arguments: {'ament_cmake_args': None, 'build_base': '/home/lin/SX_RM_Navigation/Path_Navigation/build/map_cost_extend', 'catkin_cmake_args': None, 'catkin_skip_building_tests': False, 'cmake_args': ['-DCMAKE_BUILD_TYPE=Release'], 'cmake_clean_cache': False, 'cmake_clean_first': False, 'cmake_force_configure': False, 'cmake_target': None, 'cmake_target_skip_unavailable': False, 'install_base': '/home/lin/SX_RM_Navigation/Path_Navigation/install/map_cost_extend', 'merge_install': False, 'path': '/home/lin/SX_RM_Navigation/Path_Navigation/src/map_cost_extend', 'symlink_install': True, 'test_result_base': None}
[0.172s] Level 5:colcon.colcon_core.verb:set package 'path_tracking_controller' build argument 'cmake_args' from command line to '['-DCMAKE_BUILD_TYPE=Release']'
[0.172s] Level 5:colcon.colcon_core.verb:set package 'path_tracking_controller' build argument 'cmake_target' from command line to 'None'
[0.172s] Level 5:colcon.colcon_core.verb:set package 'path_tracking_controller' build argument 'cmake_target_skip_unavailable' from command line to 'False'
[0.172s] Level 5:colcon.colcon_core.verb:set package 'path_tracking_controller' build argument 'cmake_clean_cache' from command line to 'False'
[0.172s] Level 5:colcon.colcon_core.verb:set package 'path_tracking_controller' build argument 'cmake_clean_first' from command line to 'False'
[0.172s] Level 5:colcon.colcon_core.verb:set package 'path_tracking_controller' build argument 'cmake_force_configure' from command line to 'False'
[0.172s] Level 5:colcon.colcon_core.verb:set package 'path_tracking_controller' build argument 'ament_cmake_args' from command line to 'None'
[0.172s] Level 5:colcon.colcon_core.verb:set package 'path_tracking_controller' build argument 'catkin_cmake_args' from command line to 'None'
[0.172s] Level 5:colcon.colcon_core.verb:set package 'path_tracking_controller' build argument 'catkin_skip_building_tests' from command line to 'False'
[0.172s] DEBUG:colcon.colcon_core.verb:Building package 'path_tracking_controller' with the following arguments: {'ament_cmake_args': None, 'build_base': '/home/lin/SX_RM_Navigation/Path_Navigation/build/path_tracking_controller', 'catkin_cmake_args': None, 'catkin_skip_building_tests': False, 'cmake_args': ['-DCMAKE_BUILD_TYPE=Release'], 'cmake_clean_cache': False, 'cmake_clean_first': False, 'cmake_force_configure': False, 'cmake_target': None, 'cmake_target_skip_unavailable': False, 'install_base': '/home/lin/SX_RM_Navigation/Path_Navigation/install/path_tracking_controller', 'merge_install': False, 'path': '/home/lin/SX_RM_Navigation/Path_Navigation/src/path_tracking_controller', 'symlink_install': True, 'test_result_base': None}
[0.173s] Level 5:colcon.colcon_core.verb:set package 'pointcloud_to_laserscan' build argument 'cmake_args' from command line to '['-DCMAKE_BUILD_TYPE=Release']'
[0.173s] Level 5:colcon.colcon_core.verb:set package 'pointcloud_to_laserscan' build argument 'cmake_target' from command line to 'None'
[0.173s] Level 5:colcon.colcon_core.verb:set package 'pointcloud_to_laserscan' build argument 'cmake_target_skip_unavailable' from command line to 'False'
[0.173s] Level 5:colcon.colcon_core.verb:set package 'pointcloud_to_laserscan' build argument 'cmake_clean_cache' from command line to 'False'
[0.173s] Level 5:colcon.colcon_core.verb:set package 'pointcloud_to_laserscan' build argument 'cmake_clean_first' from command line to 'False'
[0.173s] Level 5:colcon.colcon_core.verb:set package 'pointcloud_to_laserscan' build argument 'cmake_force_configure' from command line to 'False'
[0.173s] Level 5:colcon.colcon_core.verb:set package 'pointcloud_to_laserscan' build argument 'ament_cmake_args' from command line to 'None'
[0.173s] Level 5:colcon.colcon_core.verb:set package 'pointcloud_to_laserscan' build argument 'catkin_cmake_args' from command line to 'None'
[0.173s] Level 5:colcon.colcon_core.verb:set package 'pointcloud_to_laserscan' build argument 'catkin_skip_building_tests' from command line to 'False'
[0.173s] DEBUG:colcon.colcon_core.verb:Building package 'pointcloud_to_laserscan' with the following arguments: {'ament_cmake_args': None, 'build_base': '/home/lin/SX_RM_Navigation/Path_Navigation/build/pointcloud_to_laserscan', 'catkin_cmake_args': None, 'catkin_skip_building_tests': False, 'cmake_args': ['-DCMAKE_BUILD_TYPE=Release'], 'cmake_clean_cache': False, 'cmake_clean_first': False, 'cmake_force_configure': False, 'cmake_target': None, 'cmake_target_skip_unavailable': False, 'install_base': '/home/lin/SX_RM_Navigation/Path_Navigation/install/pointcloud_to_laserscan', 'merge_install': False, 'path': '/home/lin/SX_RM_Navigation/Path_Navigation/src/pointcloud_to_laserscan', 'symlink_install': True, 'test_result_base': None}
[0.173s] Level 5:colcon.colcon_core.verb:set package 'sensor_scan_generation' build argument 'cmake_args' from command line to '['-DCMAKE_BUILD_TYPE=Release']'
[0.173s] Level 5:colcon.colcon_core.verb:set package 'sensor_scan_generation' build argument 'cmake_target' from command line to 'None'
[0.173s] Level 5:colcon.colcon_core.verb:set package 'sensor_scan_generation' build argument 'cmake_target_skip_unavailable' from command line to 'False'
[0.173s] Level 5:colcon.colcon_core.verb:set package 'sensor_scan_generation' build argument 'cmake_clean_cache' from command line to 'False'
[0.173s] Level 5:colcon.colcon_core.verb:set package 'sensor_scan_generation' build argument 'cmake_clean_first' from command line to 'False'
[0.173s] Level 5:colcon.colcon_core.verb:set package 'sensor_scan_generation' build argument 'cmake_force_configure' from command line to 'False'
[0.173s] Level 5:colcon.colcon_core.verb:set package 'sensor_scan_generation' build argument 'ament_cmake_args' from command line to 'None'
[0.173s] Level 5:colcon.colcon_core.verb:set package 'sensor_scan_generation' build argument 'catkin_cmake_args' from command line to 'None'
[0.173s] Level 5:colcon.colcon_core.verb:set package 'sensor_scan_generation' build argument 'catkin_skip_building_tests' from command line to 'False'
[0.173s] DEBUG:colcon.colcon_core.verb:Building package 'sensor_scan_generation' with the following arguments: {'ament_cmake_args': None, 'build_base': '/home/lin/SX_RM_Navigation/Path_Navigation/build/sensor_scan_generation', 'catkin_cmake_args': None, 'catkin_skip_building_tests': False, 'cmake_args': ['-DCMAKE_BUILD_TYPE=Release'], 'cmake_clean_cache': False, 'cmake_clean_first': False, 'cmake_force_configure': False, 'cmake_target': None, 'cmake_target_skip_unavailable': False, 'install_base': '/home/lin/SX_RM_Navigation/Path_Navigation/install/sensor_scan_generation', 'merge_install': False, 'path': '/home/lin/SX_RM_Navigation/Path_Navigation/src/sensor_scan_generation', 'symlink_install': True, 'test_result_base': None}
[0.173s] Level 5:colcon.colcon_core.verb:set package 'small_gicp_relocalization' build argument 'cmake_args' from command line to '['-DCMAKE_BUILD_TYPE=Release']'
[0.173s] Level 5:colcon.colcon_core.verb:set package 'small_gicp_relocalization' build argument 'cmake_target' from command line to 'None'
[0.173s] Level 5:colcon.colcon_core.verb:set package 'small_gicp_relocalization' build argument 'cmake_target_skip_unavailable' from command line to 'False'
[0.173s] Level 5:colcon.colcon_core.verb:set package 'small_gicp_relocalization' build argument 'cmake_clean_cache' from command line to 'False'
[0.173s] Level 5:colcon.colcon_core.verb:set package 'small_gicp_relocalization' build argument 'cmake_clean_first' from command line to 'False'
[0.173s] Level 5:colcon.colcon_core.verb:set package 'small_gicp_relocalization' build argument 'cmake_force_configure' from command line to 'False'
[0.173s] Level 5:colcon.colcon_core.verb:set package 'small_gicp_relocalization' build argument 'ament_cmake_args' from command line to 'None'
[0.173s] Level 5:colcon.colcon_core.verb:set package 'small_gicp_relocalization' build argument 'catkin_cmake_args' from command line to 'None'
[0.173s] Level 5:colcon.colcon_core.verb:set package 'small_gicp_relocalization' build argument 'catkin_skip_building_tests' from command line to 'False'
[0.173s] DEBUG:colcon.colcon_core.verb:Building package 'small_gicp_relocalization' with the following arguments: {'ament_cmake_args': None, 'build_base': '/home/lin/SX_RM_Navigation/Path_Navigation/build/small_gicp_relocalization', 'catkin_cmake_args': None, 'catkin_skip_building_tests': False, 'cmake_args': ['-DCMAKE_BUILD_TYPE=Release'], 'cmake_clean_cache': False, 'cmake_clean_first': False, 'cmake_force_configure': False, 'cmake_target': None, 'cmake_target_skip_unavailable': False, 'install_base': '/home/lin/SX_RM_Navigation/Path_Navigation/install/small_gicp_relocalization', 'merge_install': False, 'path': '/home/lin/SX_RM_Navigation/Path_Navigation/src/small_gicp_relocalization', 'symlink_install': True, 'test_result_base': None}
[0.173s] Level 5:colcon.colcon_core.verb:set package 'spin_conversion' build argument 'cmake_args' from command line to '['-DCMAKE_BUILD_TYPE=Release']'
[0.173s] Level 5:colcon.colcon_core.verb:set package 'spin_conversion' build argument 'cmake_target' from command line to 'None'
[0.173s] Level 5:colcon.colcon_core.verb:set package 'spin_conversion' build argument 'cmake_target_skip_unavailable' from command line to 'False'
[0.173s] Level 5:colcon.colcon_core.verb:set package 'spin_conversion' build argument 'cmake_clean_cache' from command line to 'False'
[0.173s] Level 5:colcon.colcon_core.verb:set package 'spin_conversion' build argument 'cmake_clean_first' from command line to 'False'
[0.173s] Level 5:colcon.colcon_core.verb:set package 'spin_conversion' build argument 'cmake_force_configure' from command line to 'False'
[0.173s] Level 5:colcon.colcon_core.verb:set package 'spin_conversion' build argument 'ament_cmake_args' from command line to 'None'
[0.173s] Level 5:colcon.colcon_core.verb:set package 'spin_conversion' build argument 'catkin_cmake_args' from command line to 'None'
[0.173s] Level 5:colcon.colcon_core.verb:set package 'spin_conversion' build argument 'catkin_skip_building_tests' from command line to 'False'
[0.173s] DEBUG:colcon.colcon_core.verb:Building package 'spin_conversion' with the following arguments: {'ament_cmake_args': None, 'build_base': '/home/lin/SX_RM_Navigation/Path_Navigation/build/spin_conversion', 'catkin_cmake_args': None, 'catkin_skip_building_tests': False, 'cmake_args': ['-DCMAKE_BUILD_TYPE=Release'], 'cmake_clean_cache': False, 'cmake_clean_first': False, 'cmake_force_configure': False, 'cmake_target': None, 'cmake_target_skip_unavailable': False, 'install_base': '/home/lin/SX_RM_Navigation/Path_Navigation/install/spin_conversion', 'merge_install': False, 'path': '/home/lin/SX_RM_Navigation/Path_Navigation/src/spin_conversion', 'symlink_install': True, 'test_result_base': None}
[0.173s] Level 5:colcon.colcon_core.verb:set package 'terrain_analysis' build argument 'cmake_args' from command line to '['-DCMAKE_BUILD_TYPE=Release']'
[0.173s] Level 5:colcon.colcon_core.verb:set package 'terrain_analysis' build argument 'cmake_target' from command line to 'None'
[0.173s] Level 5:colcon.colcon_core.verb:set package 'terrain_analysis' build argument 'cmake_target_skip_unavailable' from command line to 'False'
[0.174s] Level 5:colcon.colcon_core.verb:set package 'terrain_analysis' build argument 'cmake_clean_cache' from command line to 'False'
[0.174s] Level 5:colcon.colcon_core.verb:set package 'terrain_analysis' build argument 'cmake_clean_first' from command line to 'False'
[0.174s] Level 5:colcon.colcon_core.verb:set package 'terrain_analysis' build argument 'cmake_force_configure' from command line to 'False'
[0.174s] Level 5:colcon.colcon_core.verb:set package 'terrain_analysis' build argument 'ament_cmake_args' from command line to 'None'
[0.174s] Level 5:colcon.colcon_core.verb:set package 'terrain_analysis' build argument 'catkin_cmake_args' from command line to 'None'
[0.174s] Level 5:colcon.colcon_core.verb:set package 'terrain_analysis' build argument 'catkin_skip_building_tests' from command line to 'False'
[0.174s] DEBUG:colcon.colcon_core.verb:Building package 'terrain_analysis' with the following arguments: {'ament_cmake_args': None, 'build_base': '/home/lin/SX_RM_Navigation/Path_Navigation/build/terrain_analysis', 'catkin_cmake_args': None, 'catkin_skip_building_tests': False, 'cmake_args': ['-DCMAKE_BUILD_TYPE=Release'], 'cmake_clean_cache': False, 'cmake_clean_first': False, 'cmake_force_configure': False, 'cmake_target': None, 'cmake_target_skip_unavailable': False, 'install_base': '/home/lin/SX_RM_Navigation/Path_Navigation/install/terrain_analysis', 'merge_install': False, 'path': '/home/lin/SX_RM_Navigation/Path_Navigation/src/terrain_analysis', 'symlink_install': True, 'test_result_base': None}
[0.174s] Level 5:colcon.colcon_core.verb:set package 'terrain_analysis_ext' build argument 'cmake_args' from command line to '['-DCMAKE_BUILD_TYPE=Release']'
[0.174s] Level 5:colcon.colcon_core.verb:set package 'terrain_analysis_ext' build argument 'cmake_target' from command line to 'None'
[0.174s] Level 5:colcon.colcon_core.verb:set package 'terrain_analysis_ext' build argument 'cmake_target_skip_unavailable' from command line to 'False'
[0.174s] Level 5:colcon.colcon_core.verb:set package 'terrain_analysis_ext' build argument 'cmake_clean_cache' from command line to 'False'
[0.174s] Level 5:colcon.colcon_core.verb:set package 'terrain_analysis_ext' build argument 'cmake_clean_first' from command line to 'False'
[0.174s] Level 5:colcon.colcon_core.verb:set package 'terrain_analysis_ext' build argument 'cmake_force_configure' from command line to 'False'
[0.174s] Level 5:colcon.colcon_core.verb:set package 'terrain_analysis_ext' build argument 'ament_cmake_args' from command line to 'None'
[0.174s] Level 5:colcon.colcon_core.verb:set package 'terrain_analysis_ext' build argument 'catkin_cmake_args' from command line to 'None'
[0.174s] Level 5:colcon.colcon_core.verb:set package 'terrain_analysis_ext' build argument 'catkin_skip_building_tests' from command line to 'False'
[0.174s] DEBUG:colcon.colcon_core.verb:Building package 'terrain_analysis_ext' with the following arguments: {'ament_cmake_args': None, 'build_base': '/home/lin/SX_RM_Navigation/Path_Navigation/build/terrain_analysis_ext', 'catkin_cmake_args': None, 'catkin_skip_building_tests': False, 'cmake_args': ['-DCMAKE_BUILD_TYPE=Release'], 'cmake_clean_cache': False, 'cmake_clean_first': False, 'cmake_force_configure': False, 'cmake_target': None, 'cmake_target_skip_unavailable': False, 'install_base': '/home/lin/SX_RM_Navigation/Path_Navigation/install/terrain_analysis_ext', 'merge_install': False, 'path': '/home/lin/SX_RM_Navigation/Path_Navigation/src/terrain_analysis_ext', 'symlink_install': True, 'test_result_base': None}
[0.174s] Level 5:colcon.colcon_core.verb:set package 'point_lio' build argument 'cmake_args' from command line to '['-DCMAKE_BUILD_TYPE=Release']'
[0.174s] Level 5:colcon.colcon_core.verb:set package 'point_lio' build argument 'cmake_target' from command line to 'None'
[0.174s] Level 5:colcon.colcon_core.verb:set package 'point_lio' build argument 'cmake_target_skip_unavailable' from command line to 'False'
[0.174s] Level 5:colcon.colcon_core.verb:set package 'point_lio' build argument 'cmake_clean_cache' from command line to 'False'
[0.174s] Level 5:colcon.colcon_core.verb:set package 'point_lio' build argument 'cmake_clean_first' from command line to 'False'
[0.174s] Level 5:colcon.colcon_core.verb:set package 'point_lio' build argument 'cmake_force_configure' from command line to 'False'
[0.174s] Level 5:colcon.colcon_core.verb:set package 'point_lio' build argument 'ament_cmake_args' from command line to 'None'
[0.174s] Level 5:colcon.colcon_core.verb:set package 'point_lio' build argument 'catkin_cmake_args' from command line to 'None'
[0.174s] Level 5:colcon.colcon_core.verb:set package 'point_lio' build argument 'catkin_skip_building_tests' from command line to 'False'
[0.174s] DEBUG:colcon.colcon_core.verb:Building package 'point_lio' with the following arguments: {'ament_cmake_args': None, 'build_base': '/home/lin/SX_RM_Navigation/Path_Navigation/build/point_lio', 'catkin_cmake_args': None, 'catkin_skip_building_tests': False, 'cmake_args': ['-DCMAKE_BUILD_TYPE=Release'], 'cmake_clean_cache': False, 'cmake_clean_first': False, 'cmake_force_configure': False, 'cmake_target': None, 'cmake_target_skip_unavailable': False, 'install_base': '/home/lin/SX_RM_Navigation/Path_Navigation/install/point_lio', 'merge_install': False, 'path': '/home/lin/SX_RM_Navigation/Path_Navigation/src/point_lio', 'symlink_install': True, 'test_result_base': None}
[0.174s] Level 5:colcon.colcon_core.verb:set package 'nav_bringup' build argument 'cmake_args' from command line to '['-DCMAKE_BUILD_TYPE=Release']'
[0.174s] Level 5:colcon.colcon_core.verb:set package 'nav_bringup' build argument 'cmake_target' from command line to 'None'
[0.174s] Level 5:colcon.colcon_core.verb:set package 'nav_bringup' build argument 'cmake_target_skip_unavailable' from command line to 'False'
[0.174s] Level 5:colcon.colcon_core.verb:set package 'nav_bringup' build argument 'cmake_clean_cache' from command line to 'False'
[0.174s] Level 5:colcon.colcon_core.verb:set package 'nav_bringup' build argument 'cmake_clean_first' from command line to 'False'
[0.174s] Level 5:colcon.colcon_core.verb:set package 'nav_bringup' build argument 'cmake_force_configure' from command line to 'False'
[0.174s] Level 5:colcon.colcon_core.verb:set package 'nav_bringup' build argument 'ament_cmake_args' from command line to 'None'
[0.174s] Level 5:colcon.colcon_core.verb:set package 'nav_bringup' build argument 'catkin_cmake_args' from command line to 'None'
[0.174s] Level 5:colcon.colcon_core.verb:set package 'nav_bringup' build argument 'catkin_skip_building_tests' from command line to 'False'
[0.174s] DEBUG:colcon.colcon_core.verb:Building package 'nav_bringup' with the following arguments: {'ament_cmake_args': None, 'build_base': '/home/lin/SX_RM_Navigation/Path_Navigation/build/nav_bringup', 'catkin_cmake_args': None, 'catkin_skip_building_tests': False, 'cmake_args': ['-DCMAKE_BUILD_TYPE=Release'], 'cmake_clean_cache': False, 'cmake_clean_first': False, 'cmake_force_configure': False, 'cmake_target': None, 'cmake_target_skip_unavailable': False, 'install_base': '/home/lin/SX_RM_Navigation/Path_Navigation/install/nav_bringup', 'merge_install': False, 'path': '/home/lin/SX_RM_Navigation/Path_Navigation/src/nav_bringup', 'symlink_install': True, 'test_result_base': None}
[0.174s] INFO:colcon.colcon_core.executor:Executing jobs using 'parallel' executor
[0.175s] DEBUG:colcon.colcon_parallel_executor.executor.parallel:run_until_complete
[0.175s] INFO:colcon.colcon_ros.task.ament_cmake.build:Building ROS package in '/home/lin/SX_RM_Navigation/Path_Navigation/src/livox_ros_driver2' with build type 'ament_cmake'
[0.175s] INFO:colcon.colcon_cmake.task.cmake.build:Building CMake package in '/home/lin/SX_RM_Navigation/Path_Navigation/src/livox_ros_driver2'
[0.177s] INFO:colcon.colcon_core.plugin_system:Skipping extension 'colcon_core.shell.bat': Not used on non-Windows systems
[0.177s] INFO:colcon.colcon_core.shell:Skip shell extension 'powershell' for command environment: Not usable outside of PowerShell
[0.177s] DEBUG:colcon.colcon_core.shell:Skip shell extension 'dsv' for command environment
[0.179s] INFO:colcon.colcon_ros.task.ament_cmake.build:Building ROS package in '/home/lin/SX_RM_Navigation/Path_Navigation/src/path_tracking_controller' with build type 'ament_cmake'
[0.179s] INFO:colcon.colcon_cmake.task.cmake.build:Building CMake package in '/home/lin/SX_RM_Navigation/Path_Navigation/src/path_tracking_controller'
[0.179s] INFO:colcon.colcon_core.shell:Skip shell extension 'powershell' for command environment: Not usable outside of PowerShell
[0.179s] DEBUG:colcon.colcon_core.shell:Skip shell extension 'dsv' for command environment
[0.181s] INFO:colcon.colcon_ros.task.ament_cmake.build:Building ROS package in '/home/lin/SX_RM_Navigation/Path_Navigation/src/pointcloud_to_laserscan' with build type 'ament_cmake'
[0.181s] INFO:colcon.colcon_cmake.task.cmake.build:Building CMake package in '/home/lin/SX_RM_Navigation/Path_Navigation/src/pointcloud_to_laserscan'
[0.181s] INFO:colcon.colcon_core.shell:Skip shell extension 'powershell' for command environment: Not usable outside of PowerShell
[0.181s] DEBUG:colcon.colcon_core.shell:Skip shell extension 'dsv' for command environment
[0.183s] INFO:colcon.colcon_ros.task.ament_cmake.build:Building ROS package in '/home/lin/SX_RM_Navigation/Path_Navigation/src/small_gicp_relocalization' with build type 'ament_cmake'
[0.183s] INFO:colcon.colcon_cmake.task.cmake.build:Building CMake package in '/home/lin/SX_RM_Navigation/Path_Navigation/src/small_gicp_relocalization'
[0.183s] INFO:colcon.colcon_core.shell:Skip shell extension 'powershell' for command environment: Not usable outside of PowerShell
[0.183s] DEBUG:colcon.colcon_core.shell:Skip shell extension 'dsv' for command environment
[0.185s] INFO:colcon.colcon_ros.task.ament_cmake.build:Building ROS package in '/home/lin/SX_RM_Navigation/Path_Navigation/src/terrain_analysis' with build type 'ament_cmake'
[0.185s] INFO:colcon.colcon_cmake.task.cmake.build:Building CMake package in '/home/lin/SX_RM_Navigation/Path_Navigation/src/terrain_analysis'
[0.185s] INFO:colcon.colcon_core.shell:Skip shell extension 'powershell' for command environment: Not usable outside of PowerShell
[0.186s] DEBUG:colcon.colcon_core.shell:Skip shell extension 'dsv' for command environment
[0.187s] INFO:colcon.colcon_ros.task.ament_cmake.build:Building ROS package in '/home/lin/SX_RM_Navigation/Path_Navigation/src/terrain_analysis_ext' with build type 'ament_cmake'
[0.187s] INFO:colcon.colcon_cmake.task.cmake.build:Building CMake package in '/home/lin/SX_RM_Navigation/Path_Navigation/src/terrain_analysis_ext'
[0.187s] INFO:colcon.colcon_core.shell:Skip shell extension 'powershell' for command environment: Not usable outside of PowerShell
[0.187s] DEBUG:colcon.colcon_core.shell:Skip shell extension 'dsv' for command environment
[0.189s] INFO:colcon.colcon_ros.task.ament_cmake.build:Building ROS package in '/home/lin/SX_RM_Navigation/Path_Navigation/src/TF_transform' with build type 'ament_cmake'
[0.189s] INFO:colcon.colcon_cmake.task.cmake.build:Building CMake package in '/home/lin/SX_RM_Navigation/Path_Navigation/src/TF_transform'
[0.189s] INFO:colcon.colcon_core.shell:Skip shell extension 'powershell' for command environment: Not usable outside of PowerShell
[0.189s] DEBUG:colcon.colcon_core.shell:Skip shell extension 'dsv' for command environment
[0.191s] INFO:colcon.colcon_ros.task.ament_cmake.build:Building ROS package in '/home/lin/SX_RM_Navigation/Path_Navigation/src/ign_sim_pointcloud_tool' with build type 'ament_cmake'
[0.191s] INFO:colcon.colcon_cmake.task.cmake.build:Building CMake package in '/home/lin/SX_RM_Navigation/Path_Navigation/src/ign_sim_pointcloud_tool'
[0.191s] INFO:colcon.colcon_core.shell:Skip shell extension 'powershell' for command environment: Not usable outside of PowerShell
[0.191s] DEBUG:colcon.colcon_core.shell:Skip shell extension 'dsv' for command environment
[0.193s] INFO:colcon.colcon_ros.task.ament_cmake.build:Building ROS package in '/home/lin/SX_RM_Navigation/Path_Navigation/src/loam_interface' with build type 'ament_cmake'
[0.193s] INFO:colcon.colcon_cmake.task.cmake.build:Building CMake package in '/home/lin/SX_RM_Navigation/Path_Navigation/src/loam_interface'
[0.193s] INFO:colcon.colcon_core.shell:Skip shell extension 'powershell' for command environment: Not usable outside of PowerShell
[0.193s] DEBUG:colcon.colcon_core.shell:Skip shell extension 'dsv' for command environment
[0.194s] INFO:colcon.colcon_ros.task.ament_cmake.build:Building ROS package in '/home/lin/SX_RM_Navigation/Path_Navigation/src/map_cost_extend' with build type 'ament_cmake'
[0.195s] INFO:colcon.colcon_cmake.task.cmake.build:Building CMake package in '/home/lin/SX_RM_Navigation/Path_Navigation/src/map_cost_extend'
[0.195s] INFO:colcon.colcon_core.shell:Skip shell extension 'powershell' for command environment: Not usable outside of PowerShell
[0.195s] DEBUG:colcon.colcon_core.shell:Skip shell extension 'dsv' for command environment
[0.196s] INFO:colcon.colcon_ros.task.ament_cmake.build:Building ROS package in '/home/lin/SX_RM_Navigation/Path_Navigation/src/sensor_scan_generation' with build type 'ament_cmake'
[0.196s] INFO:colcon.colcon_cmake.task.cmake.build:Building CMake package in '/home/lin/SX_RM_Navigation/Path_Navigation/src/sensor_scan_generation'
[0.196s] INFO:colcon.colcon_core.shell:Skip shell extension 'powershell' for command environment: Not usable outside of PowerShell
[0.197s] DEBUG:colcon.colcon_core.shell:Skip shell extension 'dsv' for command environment
[0.198s] INFO:colcon.colcon_ros.task.ament_cmake.build:Building ROS package in '/home/lin/SX_RM_Navigation/Path_Navigation/src/spin_conversion' with build type 'ament_cmake'
[0.198s] INFO:colcon.colcon_cmake.task.cmake.build:Building CMake package in '/home/lin/SX_RM_Navigation/Path_Navigation/src/spin_conversion'
[0.198s] INFO:colcon.colcon_core.shell:Skip shell extension 'powershell' for command environment: Not usable outside of PowerShell
[0.198s] DEBUG:colcon.colcon_core.shell:Skip shell extension 'dsv' for command environment
[0.203s] DEBUG:colcon.colcon_core.event_handler.log_command:Invoking command in '/home/lin/SX_RM_Navigation/Path_Navigation/build/livox_ros_driver2': CMAKE_PREFIX_PATH=${CMAKE_PREFIX_PATH}:/opt/ros/humble /usr/bin/cmake --build /home/lin/SX_RM_Navigation/Path_Navigation/build/livox_ros_driver2 -- -j32 -l32
[0.205s] DEBUG:colcon.colcon_core.event_handler.log_command:Invoking command in '/home/lin/SX_RM_Navigation/Path_Navigation/build/path_tracking_controller': CMAKE_PREFIX_PATH=${CMAKE_PREFIX_PATH}:/opt/ros/humble /usr/bin/cmake --build /home/lin/SX_RM_Navigation/Path_Navigation/build/path_tracking_controller -- -j32 -l32
[0.206s] DEBUG:colcon.colcon_core.event_handler.log_command:Invoking command in '/home/lin/SX_RM_Navigation/Path_Navigation/build/pointcloud_to_laserscan': CMAKE_PREFIX_PATH=${CMAKE_PREFIX_PATH}:/opt/ros/humble /usr/bin/cmake --build /home/lin/SX_RM_Navigation/Path_Navigation/build/pointcloud_to_laserscan -- -j32 -l32
[0.207s] DEBUG:colcon.colcon_core.event_handler.log_command:Invoking command in '/home/lin/SX_RM_Navigation/Path_Navigation/build/small_gicp_relocalization': CMAKE_PREFIX_PATH=${CMAKE_PREFIX_PATH}:/opt/ros/humble /usr/bin/cmake --build /home/lin/SX_RM_Navigation/Path_Navigation/build/small_gicp_relocalization -- -j32 -l32
[0.209s] DEBUG:colcon.colcon_core.event_handler.log_command:Invoking command in '/home/lin/SX_RM_Navigation/Path_Navigation/build/terrain_analysis': CMAKE_PREFIX_PATH=${CMAKE_PREFIX_PATH}:/opt/ros/humble /usr/bin/cmake --build /home/lin/SX_RM_Navigation/Path_Navigation/build/terrain_analysis -- -j32 -l32
[0.210s] DEBUG:colcon.colcon_core.event_handler.log_command:Invoking command in '/home/lin/SX_RM_Navigation/Path_Navigation/build/terrain_analysis_ext': CMAKE_PREFIX_PATH=${CMAKE_PREFIX_PATH}:/opt/ros/humble /usr/bin/cmake --build /home/lin/SX_RM_Navigation/Path_Navigation/build/terrain_analysis_ext -- -j32 -l32
[0.211s] DEBUG:colcon.colcon_core.event_handler.log_command:Invoking command in '/home/lin/SX_RM_Navigation/Path_Navigation/build/TF_transform': CMAKE_PREFIX_PATH=${CMAKE_PREFIX_PATH}:/opt/ros/humble /usr/bin/cmake /home/lin/SX_RM_Navigation/Path_Navigation/src/TF_transform -DCMAKE_BUILD_TYPE=Release -DAMENT_CMAKE_SYMLINK_INSTALL=1 -DCMAKE_INSTALL_PREFIX=/home/lin/SX_RM_Navigation/Path_Navigation/install/TF_transform
[0.213s] DEBUG:colcon.colcon_core.event_handler.log_command:Invoking command in '/home/lin/SX_RM_Navigation/Path_Navigation/build/ign_sim_pointcloud_tool': CMAKE_PREFIX_PATH=${CMAKE_PREFIX_PATH}:/opt/ros/humble /usr/bin/cmake --build /home/lin/SX_RM_Navigation/Path_Navigation/build/ign_sim_pointcloud_tool -- -j32 -l32
[0.214s] DEBUG:colcon.colcon_core.event_handler.log_command:Invoking command in '/home/lin/SX_RM_Navigation/Path_Navigation/build/loam_interface': CMAKE_PREFIX_PATH=${CMAKE_PREFIX_PATH}:/opt/ros/humble /usr/bin/cmake --build /home/lin/SX_RM_Navigation/Path_Navigation/build/loam_interface -- -j32 -l32
[0.216s] DEBUG:colcon.colcon_core.event_handler.log_command:Invoking command in '/home/lin/SX_RM_Navigation/Path_Navigation/build/map_cost_extend': CMAKE_PREFIX_PATH=${CMAKE_PREFIX_PATH}:/opt/ros/humble /usr/bin/cmake --build /home/lin/SX_RM_Navigation/Path_Navigation/build/map_cost_extend -- -j32 -l32
[0.219s] DEBUG:colcon.colcon_core.event_handler.log_command:Invoking command in '/home/lin/SX_RM_Navigation/Path_Navigation/build/sensor_scan_generation': CMAKE_PREFIX_PATH=${CMAKE_PREFIX_PATH}:/opt/ros/humble /usr/bin/cmake --build /home/lin/SX_RM_Navigation/Path_Navigation/build/sensor_scan_generation -- -j32 -l32
[0.224s] DEBUG:colcon.colcon_core.event_handler.log_command:Invoking command in '/home/lin/SX_RM_Navigation/Path_Navigation/build/spin_conversion': CMAKE_PREFIX_PATH=${CMAKE_PREFIX_PATH}:/opt/ros/humble /usr/bin/cmake --build /home/lin/SX_RM_Navigation/Path_Navigation/build/spin_conversion -- -j32 -l32
[0.270s] DEBUG:colcon.colcon_core.event_handler.log_command:Invoked command in '/home/lin/SX_RM_Navigation/Path_Navigation/build/path_tracking_controller' returned '0': CMAKE_PREFIX_PATH=${CMAKE_PREFIX_PATH}:/opt/ros/humble /usr/bin/cmake --build /home/lin/SX_RM_Navigation/Path_Navigation/build/path_tracking_controller -- -j32 -l32
[0.277s] DEBUG:colcon.colcon_core.event_handler.log_command:Invoking command in '/home/lin/SX_RM_Navigation/Path_Navigation/build/path_tracking_controller': CMAKE_PREFIX_PATH=${CMAKE_PREFIX_PATH}:/opt/ros/humble /usr/bin/cmake --install /home/lin/SX_RM_Navigation/Path_Navigation/build/path_tracking_controller
[0.277s] DEBUG:colcon.colcon_core.event_handler.log_command:Invoked command in '/home/lin/SX_RM_Navigation/Path_Navigation/build/small_gicp_relocalization' returned '0': CMAKE_PREFIX_PATH=${CMAKE_PREFIX_PATH}:/opt/ros/humble /usr/bin/cmake --build /home/lin/SX_RM_Navigation/Path_Navigation/build/small_gicp_relocalization -- -j32 -l32
[0.279s] DEBUG:colcon.colcon_core.event_handler.log_command:Invoking command in '/home/lin/SX_RM_Navigation/Path_Navigation/build/small_gicp_relocalization': CMAKE_PREFIX_PATH=${CMAKE_PREFIX_PATH}:/opt/ros/humble /usr/bin/cmake --install /home/lin/SX_RM_Navigation/Path_Navigation/build/small_gicp_relocalization
[0.281s] DEBUG:colcon.colcon_core.event_handler.log_command:Invoked command in '/home/lin/SX_RM_Navigation/Path_Navigation/build/loam_interface' returned '0': CMAKE_PREFIX_PATH=${CMAKE_PREFIX_PATH}:/opt/ros/humble /usr/bin/cmake --build /home/lin/SX_RM_Navigation/Path_Navigation/build/loam_interface -- -j32 -l32
[0.283s] DEBUG:colcon.colcon_core.event_handler.log_command:Invoking command in '/home/lin/SX_RM_Navigation/Path_Navigation/build/loam_interface': CMAKE_PREFIX_PATH=${CMAKE_PREFIX_PATH}:/opt/ros/humble /usr/bin/cmake --install /home/lin/SX_RM_Navigation/Path_Navigation/build/loam_interface
[0.284s] DEBUG:colcon.colcon_core.event_handler.log_command:Invoked command in '/home/lin/SX_RM_Navigation/Path_Navigation/build/terrain_analysis' returned '0': CMAKE_PREFIX_PATH=${CMAKE_PREFIX_PATH}:/opt/ros/humble /usr/bin/cmake --build /home/lin/SX_RM_Navigation/Path_Navigation/build/terrain_analysis -- -j32 -l32
[0.285s] DEBUG:colcon.colcon_core.event_handler.log_command:Invoking command in '/home/lin/SX_RM_Navigation/Path_Navigation/build/terrain_analysis': CMAKE_PREFIX_PATH=${CMAKE_PREFIX_PATH}:/opt/ros/humble /usr/bin/cmake --install /home/lin/SX_RM_Navigation/Path_Navigation/build/terrain_analysis
[0.289s] DEBUG:colcon.colcon_core.event_handler.log_command:Invoked command in '/home/lin/SX_RM_Navigation/Path_Navigation/build/terrain_analysis_ext' returned '0': CMAKE_PREFIX_PATH=${CMAKE_PREFIX_PATH}:/opt/ros/humble /usr/bin/cmake --build /home/lin/SX_RM_Navigation/Path_Navigation/build/terrain_analysis_ext -- -j32 -l32
[0.291s] DEBUG:colcon.colcon_core.event_handler.log_command:Invoking command in '/home/lin/SX_RM_Navigation/Path_Navigation/build/terrain_analysis_ext': CMAKE_PREFIX_PATH=${CMAKE_PREFIX_PATH}:/opt/ros/humble /usr/bin/cmake --install /home/lin/SX_RM_Navigation/Path_Navigation/build/terrain_analysis_ext
[0.295s] DEBUG:colcon.colcon_core.event_handler.log_command:Invoked command in '/home/lin/SX_RM_Navigation/Path_Navigation/build/ign_sim_pointcloud_tool' returned '0': CMAKE_PREFIX_PATH=${CMAKE_PREFIX_PATH}:/opt/ros/humble /usr/bin/cmake --build /home/lin/SX_RM_Navigation/Path_Navigation/build/ign_sim_pointcloud_tool -- -j32 -l32
[0.297s] DEBUG:colcon.colcon_core.event_handler.log_command:Invoking command in '/home/lin/SX_RM_Navigation/Path_Navigation/build/ign_sim_pointcloud_tool': CMAKE_PREFIX_PATH=${CMAKE_PREFIX_PATH}:/opt/ros/humble /usr/bin/cmake --install /home/lin/SX_RM_Navigation/Path_Navigation/build/ign_sim_pointcloud_tool
[0.300s] Level 1:colcon.colcon_core.environment:create_environment_scripts_only(loam_interface)
[0.304s] DEBUG:colcon.colcon_core.event_handler.log_command:Invoked command in '/home/lin/SX_RM_Navigation/Path_Navigation/build/sensor_scan_generation' returned '0': CMAKE_PREFIX_PATH=${CMAKE_PREFIX_PATH}:/opt/ros/humble /usr/bin/cmake --build /home/lin/SX_RM_Navigation/Path_Navigation/build/sensor_scan_generation -- -j32 -l32
[0.306s] DEBUG:colcon.colcon_core.event_handler.log_command:Invoking command in '/home/lin/SX_RM_Navigation/Path_Navigation/build/sensor_scan_generation': CMAKE_PREFIX_PATH=${CMAKE_PREFIX_PATH}:/opt/ros/humble /usr/bin/cmake --install /home/lin/SX_RM_Navigation/Path_Navigation/build/sensor_scan_generation
[0.307s] DEBUG:colcon.colcon_core.event_handler.log_command:Invoked command in '/home/lin/SX_RM_Navigation/Path_Navigation/build/loam_interface' returned '0': CMAKE_PREFIX_PATH=${CMAKE_PREFIX_PATH}:/opt/ros/humble /usr/bin/cmake --install /home/lin/SX_RM_Navigation/Path_Navigation/build/loam_interface
[0.308s] Level 1:colcon.colcon_core.environment:checking '/home/lin/SX_RM_Navigation/Path_Navigation/install/loam_interface' for CMake module files
[0.309s] Level 1:colcon.colcon_core.environment:checking '/home/lin/SX_RM_Navigation/Path_Navigation/install/loam_interface' for CMake config files
[0.309s] Level 1:colcon.colcon_core.shell:create_environment_hook('loam_interface', 'cmake_prefix_path')
[0.309s] INFO:colcon.colcon_core.shell:Creating environment hook '/home/lin/SX_RM_Navigation/Path_Navigation/install/loam_interface/share/loam_interface/hook/cmake_prefix_path.ps1'
[0.310s] INFO:colcon.colcon_core.shell:Creating environment descriptor '/home/lin/SX_RM_Navigation/Path_Navigation/install/loam_interface/share/loam_interface/hook/cmake_prefix_path.dsv'
[0.310s] INFO:colcon.colcon_core.shell:Creating environment hook '/home/lin/SX_RM_Navigation/Path_Navigation/install/loam_interface/share/loam_interface/hook/cmake_prefix_path.sh'
[0.311s] Level 1:colcon.colcon_core.environment:checking '/home/lin/SX_RM_Navigation/Path_Navigation/install/loam_interface/lib'
[0.311s] Level 1:colcon.colcon_core.shell:create_environment_hook('loam_interface', 'ld_library_path_lib')
[0.312s] INFO:colcon.colcon_core.shell:Creating environment hook '/home/lin/SX_RM_Navigation/Path_Navigation/install/loam_interface/share/loam_interface/hook/ld_library_path_lib.ps1'
[0.312s] INFO:colcon.colcon_core.shell:Creating environment descriptor '/home/lin/SX_RM_Navigation/Path_Navigation/install/loam_interface/share/loam_interface/hook/ld_library_path_lib.dsv'
[0.312s] INFO:colcon.colcon_core.shell:Creating environment hook '/home/lin/SX_RM_Navigation/Path_Navigation/install/loam_interface/share/loam_interface/hook/ld_library_path_lib.sh'
[0.313s] Level 1:colcon.colcon_core.environment:checking '/home/lin/SX_RM_Navigation/Path_Navigation/install/loam_interface/bin'
[0.313s] Level 1:colcon.colcon_core.environment:checking '/home/lin/SX_RM_Navigation/Path_Navigation/install/loam_interface/lib/pkgconfig/loam_interface.pc'
[0.313s] Level 1:colcon.colcon_core.environment:checking '/home/lin/SX_RM_Navigation/Path_Navigation/install/loam_interface/lib/python3.10/site-packages'
[0.313s] Level 1:colcon.colcon_core.environment:checking '/home/lin/SX_RM_Navigation/Path_Navigation/install/loam_interface/bin'
[0.314s] INFO:colcon.colcon_core.shell:Creating package script '/home/lin/SX_RM_Navigation/Path_Navigation/install/loam_interface/share/loam_interface/package.ps1'
[0.314s] INFO:colcon.colcon_core.shell:Creating package descriptor '/home/lin/SX_RM_Navigation/Path_Navigation/install/loam_interface/share/loam_interface/package.dsv'
[0.315s] INFO:colcon.colcon_core.shell:Creating package script '/home/lin/SX_RM_Navigation/Path_Navigation/install/loam_interface/share/loam_interface/package.sh'
[0.315s] INFO:colcon.colcon_core.shell:Creating package script '/home/lin/SX_RM_Navigation/Path_Navigation/install/loam_interface/share/loam_interface/package.bash'
[0.316s] INFO:colcon.colcon_core.shell:Creating package script '/home/lin/SX_RM_Navigation/Path_Navigation/install/loam_interface/share/loam_interface/package.zsh'
[0.317s] Level 1:colcon.colcon_core.environment:create_file_with_runtime_dependencies(/home/lin/SX_RM_Navigation/Path_Navigation/install/loam_interface/share/colcon-core/packages/loam_interface)
[0.317s] Level 1:colcon.colcon_core.environment:create_environment_scripts_only(loam_interface)
[0.317s] Level 1:colcon.colcon_core.environment:checking '/home/lin/SX_RM_Navigation/Path_Navigation/install/loam_interface' for CMake module files
[0.318s] Level 1:colcon.colcon_core.environment:checking '/home/lin/SX_RM_Navigation/Path_Navigation/install/loam_interface' for CMake config files
[0.318s] Level 1:colcon.colcon_core.shell:create_environment_hook('loam_interface', 'cmake_prefix_path')
[0.318s] INFO:colcon.colcon_core.shell:Creating environment hook '/home/lin/SX_RM_Navigation/Path_Navigation/install/loam_interface/share/loam_interface/hook/cmake_prefix_path.ps1'
[0.319s] INFO:colcon.colcon_core.shell:Creating environment descriptor '/home/lin/SX_RM_Navigation/Path_Navigation/install/loam_interface/share/loam_interface/hook/cmake_prefix_path.dsv'
[0.319s] INFO:colcon.colcon_core.shell:Creating environment hook '/home/lin/SX_RM_Navigation/Path_Navigation/install/loam_interface/share/loam_interface/hook/cmake_prefix_path.sh'
[0.319s] Level 1:colcon.colcon_core.environment:checking '/home/lin/SX_RM_Navigation/Path_Navigation/install/loam_interface/lib'
[0.320s] Level 1:colcon.colcon_core.shell:create_environment_hook('loam_interface', 'ld_library_path_lib')
[0.320s] INFO:colcon.colcon_core.shell:Creating environment hook '/home/lin/SX_RM_Navigation/Path_Navigation/install/loam_interface/share/loam_interface/hook/ld_library_path_lib.ps1'
[0.320s] INFO:colcon.colcon_core.shell:Creating environment descriptor '/home/lin/SX_RM_Navigation/Path_Navigation/install/loam_interface/share/loam_interface/hook/ld_library_path_lib.dsv'
[0.320s] INFO:colcon.colcon_core.shell:Creating environment hook '/home/lin/SX_RM_Navigation/Path_Navigation/install/loam_interface/share/loam_interface/hook/ld_library_path_lib.sh'
[0.321s] Level 1:colcon.colcon_core.environment:checking '/home/lin/SX_RM_Navigation/Path_Navigation/install/loam_interface/bin'
[0.321s] Level 1:colcon.colcon_core.environment:checking '/home/lin/SX_RM_Navigation/Path_Navigation/install/loam_interface/lib/pkgconfig/loam_interface.pc'
[0.321s] Level 1:colcon.colcon_core.environment:checking '/home/lin/SX_RM_Navigation/Path_Navigation/install/loam_interface/lib/python3.10/site-packages'
[0.321s] Level 1:colcon.colcon_core.environment:checking '/home/lin/SX_RM_Navigation/Path_Navigation/install/loam_interface/bin'
[0.322s] INFO:colcon.colcon_core.shell:Creating package script '/home/lin/SX_RM_Navigation/Path_Navigation/install/loam_interface/share/loam_interface/package.ps1'
[0.322s] INFO:colcon.colcon_core.shell:Creating package descriptor '/home/lin/SX_RM_Navigation/Path_Navigation/install/loam_interface/share/loam_interface/package.dsv'
[0.323s] INFO:colcon.colcon_core.shell:Creating package script '/home/lin/SX_RM_Navigation/Path_Navigation/install/loam_interface/share/loam_interface/package.sh'
[0.323s] INFO:colcon.colcon_core.shell:Creating package script '/home/lin/SX_RM_Navigation/Path_Navigation/install/loam_interface/share/loam_interface/package.bash'
[0.324s] INFO:colcon.colcon_core.shell:Creating package script '/home/lin/SX_RM_Navigation/Path_Navigation/install/loam_interface/share/loam_interface/package.zsh'
[0.324s] Level 1:colcon.colcon_core.environment:create_file_with_runtime_dependencies(/home/lin/SX_RM_Navigation/Path_Navigation/install/loam_interface/share/colcon-core/packages/loam_interface)
[0.325s] Level 1:colcon.colcon_core.environment:create_environment_scripts_only(terrain_analysis)
[0.325s] Level 1:colcon.colcon_core.environment:checking '/home/lin/SX_RM_Navigation/Path_Navigation/install/terrain_analysis' for CMake module files
[0.326s] DEBUG:colcon.colcon_core.event_handler.log_command:Invoked command in '/home/lin/SX_RM_Navigation/Path_Navigation/build/terrain_analysis' returned '0': CMAKE_PREFIX_PATH=${CMAKE_PREFIX_PATH}:/opt/ros/humble /usr/bin/cmake --install /home/lin/SX_RM_Navigation/Path_Navigation/build/terrain_analysis
[0.326s] Level 1:colcon.colcon_core.environment:checking '/home/lin/SX_RM_Navigation/Path_Navigation/install/terrain_analysis' for CMake config files
[0.328s] Level 1:colcon.colcon_core.shell:create_environment_hook('terrain_analysis', 'cmake_prefix_path')
[0.328s] INFO:colcon.colcon_core.shell:Creating environment hook '/home/lin/SX_RM_Navigation/Path_Navigation/install/terrain_analysis/share/terrain_analysis/hook/cmake_prefix_path.ps1'
[0.328s] INFO:colcon.colcon_core.shell:Creating environment descriptor '/home/lin/SX_RM_Navigation/Path_Navigation/install/terrain_analysis/share/terrain_analysis/hook/cmake_prefix_path.dsv'
[0.329s] INFO:colcon.colcon_core.shell:Creating environment hook '/home/lin/SX_RM_Navigation/Path_Navigation/install/terrain_analysis/share/terrain_analysis/hook/cmake_prefix_path.sh'
[0.329s] Level 1:colcon.colcon_core.environment:checking '/home/lin/SX_RM_Navigation/Path_Navigation/install/terrain_analysis/lib'
[0.329s] Level 1:colcon.colcon_core.environment:checking '/home/lin/SX_RM_Navigation/Path_Navigation/install/terrain_analysis/bin'
[0.329s] Level 1:colcon.colcon_core.environment:checking '/home/lin/SX_RM_Navigation/Path_Navigation/install/terrain_analysis/lib/pkgconfig/terrain_analysis.pc'
[0.329s] Level 1:colcon.colcon_core.environment:checking '/home/lin/SX_RM_Navigation/Path_Navigation/install/terrain_analysis/lib/python3.10/site-packages'
[0.330s] Level 1:colcon.colcon_core.environment:checking '/home/lin/SX_RM_Navigation/Path_Navigation/install/terrain_analysis/bin'
[0.330s] INFO:colcon.colcon_core.shell:Creating package script '/home/lin/SX_RM_Navigation/Path_Navigation/install/terrain_analysis/share/terrain_analysis/package.ps1'
[0.331s] INFO:colcon.colcon_core.shell:Creating package descriptor '/home/lin/SX_RM_Navigation/Path_Navigation/install/terrain_analysis/share/terrain_analysis/package.dsv'
[0.331s] INFO:colcon.colcon_core.shell:Creating package script '/home/lin/SX_RM_Navigation/Path_Navigation/install/terrain_analysis/share/terrain_analysis/package.sh'
[0.331s] INFO:colcon.colcon_core.shell:Creating package script '/home/lin/SX_RM_Navigation/Path_Navigation/install/terrain_analysis/share/terrain_analysis/package.bash'
[0.332s] INFO:colcon.colcon_core.shell:Creating package script '/home/lin/SX_RM_Navigation/Path_Navigation/install/terrain_analysis/share/terrain_analysis/package.zsh'
[0.332s] Level 1:colcon.colcon_core.environment:create_file_with_runtime_dependencies(/home/lin/SX_RM_Navigation/Path_Navigation/install/terrain_analysis/share/colcon-core/packages/terrain_analysis)
[0.332s] Level 1:colcon.colcon_core.environment:create_environment_scripts_only(terrain_analysis)
[0.333s] Level 1:colcon.colcon_core.environment:checking '/home/lin/SX_RM_Navigation/Path_Navigation/install/terrain_analysis' for CMake module files
[0.333s] Level 1:colcon.colcon_core.environment:checking '/home/lin/SX_RM_Navigation/Path_Navigation/install/terrain_analysis' for CMake config files
[0.333s] Level 1:colcon.colcon_core.shell:create_environment_hook('terrain_analysis', 'cmake_prefix_path')
[0.333s] INFO:colcon.colcon_core.shell:Creating environment hook '/home/lin/SX_RM_Navigation/Path_Navigation/install/terrain_analysis/share/terrain_analysis/hook/cmake_prefix_path.ps1'
[0.334s] INFO:colcon.colcon_core.shell:Creating environment descriptor '/home/lin/SX_RM_Navigation/Path_Navigation/install/terrain_analysis/share/terrain_analysis/hook/cmake_prefix_path.dsv'
[0.334s] INFO:colcon.colcon_core.shell:Creating environment hook '/home/lin/SX_RM_Navigation/Path_Navigation/install/terrain_analysis/share/terrain_analysis/hook/cmake_prefix_path.sh'
[0.334s] Level 1:colcon.colcon_core.environment:checking '/home/lin/SX_RM_Navigation/Path_Navigation/install/terrain_analysis/lib'
[0.335s] Level 1:colcon.colcon_core.environment:checking '/home/lin/SX_RM_Navigation/Path_Navigation/install/terrain_analysis/bin'
[0.335s] Level 1:colcon.colcon_core.environment:checking '/home/lin/SX_RM_Navigation/Path_Navigation/install/terrain_analysis/lib/pkgconfig/terrain_analysis.pc'
[0.335s] Level 1:colcon.colcon_core.environment:checking '/home/lin/SX_RM_Navigation/Path_Navigation/install/terrain_analysis/lib/python3.10/site-packages'
[0.335s] Level 1:colcon.colcon_core.environment:checking '/home/lin/SX_RM_Navigation/Path_Navigation/install/terrain_analysis/bin'
[0.335s] INFO:colcon.colcon_core.shell:Creating package script '/home/lin/SX_RM_Navigation/Path_Navigation/install/terrain_analysis/share/terrain_analysis/package.ps1'
[0.336s] INFO:colcon.colcon_core.shell:Creating package descriptor '/home/lin/SX_RM_Navigation/Path_Navigation/install/terrain_analysis/share/terrain_analysis/package.dsv'
[0.336s] INFO:colcon.colcon_core.shell:Creating package script '/home/lin/SX_RM_Navigation/Path_Navigation/install/terrain_analysis/share/terrain_analysis/package.sh'
[0.337s] INFO:colcon.colcon_core.shell:Creating package script '/home/lin/SX_RM_Navigation/Path_Navigation/install/terrain_analysis/share/terrain_analysis/package.bash'
[0.337s] INFO:colcon.colcon_core.shell:Creating package script '/home/lin/SX_RM_Navigation/Path_Navigation/install/terrain_analysis/share/terrain_analysis/package.zsh'
[0.337s] Level 1:colcon.colcon_core.environment:create_file_with_runtime_dependencies(/home/lin/SX_RM_Navigation/Path_Navigation/install/terrain_analysis/share/colcon-core/packages/terrain_analysis)
[0.338s] Level 1:colcon.colcon_core.environment:create_environment_scripts_only(path_tracking_controller)
[0.338s] Level 1:colcon.colcon_core.environment:checking '/home/lin/SX_RM_Navigation/Path_Navigation/install/path_tracking_controller' for CMake module files
[0.339s] Level 1:colcon.colcon_core.environment:checking '/home/lin/SX_RM_Navigation/Path_Navigation/install/path_tracking_controller' for CMake config files
[0.339s] DEBUG:colcon.colcon_core.event_handler.log_command:Invoked command in '/home/lin/SX_RM_Navigation/Path_Navigation/build/path_tracking_controller' returned '0': CMAKE_PREFIX_PATH=${CMAKE_PREFIX_PATH}:/opt/ros/humble /usr/bin/cmake --install /home/lin/SX_RM_Navigation/Path_Navigation/build/path_tracking_controller
[0.340s] Level 1:colcon.colcon_core.shell:create_environment_hook('path_tracking_controller', 'cmake_prefix_path')
[0.340s] INFO:colcon.colcon_core.shell:Creating environment hook '/home/lin/SX_RM_Navigation/Path_Navigation/install/path_tracking_controller/share/path_tracking_controller/hook/cmake_prefix_path.ps1'
[0.340s] INFO:colcon.colcon_core.shell:Creating environment descriptor '/home/lin/SX_RM_Navigation/Path_Navigation/install/path_tracking_controller/share/path_tracking_controller/hook/cmake_prefix_path.dsv'
[0.341s] INFO:colcon.colcon_core.shell:Creating environment hook '/home/lin/SX_RM_Navigation/Path_Navigation/install/path_tracking_controller/share/path_tracking_controller/hook/cmake_prefix_path.sh'
[0.341s] Level 1:colcon.colcon_core.environment:checking '/home/lin/SX_RM_Navigation/Path_Navigation/install/path_tracking_controller/lib'
[0.341s] Level 1:colcon.colcon_core.shell:create_environment_hook('path_tracking_controller', 'ld_library_path_lib')
[0.341s] INFO:colcon.colcon_core.shell:Creating environment hook '/home/lin/SX_RM_Navigation/Path_Navigation/install/path_tracking_controller/share/path_tracking_controller/hook/ld_library_path_lib.ps1'
[0.342s] INFO:colcon.colcon_core.shell:Creating environment descriptor '/home/lin/SX_RM_Navigation/Path_Navigation/install/path_tracking_controller/share/path_tracking_controller/hook/ld_library_path_lib.dsv'
[0.342s] INFO:colcon.colcon_core.shell:Creating environment hook '/home/lin/SX_RM_Navigation/Path_Navigation/install/path_tracking_controller/share/path_tracking_controller/hook/ld_library_path_lib.sh'
[0.342s] Level 1:colcon.colcon_core.environment:checking '/home/lin/SX_RM_Navigation/Path_Navigation/install/path_tracking_controller/bin'
[0.342s] Level 1:colcon.colcon_core.environment:checking '/home/lin/SX_RM_Navigation/Path_Navigation/install/path_tracking_controller/lib/pkgconfig/path_tracking_controller.pc'
[0.343s] Level 1:colcon.colcon_core.environment:checking '/home/lin/SX_RM_Navigation/Path_Navigation/install/path_tracking_controller/lib/python3.10/site-packages'
[0.343s] Level 1:colcon.colcon_core.environment:checking '/home/lin/SX_RM_Navigation/Path_Navigation/install/path_tracking_controller/bin'
[0.343s] INFO:colcon.colcon_core.shell:Creating package script '/home/lin/SX_RM_Navigation/Path_Navigation/install/path_tracking_controller/share/path_tracking_controller/package.ps1'
[0.344s] INFO:colcon.colcon_core.shell:Creating package descriptor '/home/lin/SX_RM_Navigation/Path_Navigation/install/path_tracking_controller/share/path_tracking_controller/package.dsv'
[0.344s] INFO:colcon.colcon_core.shell:Creating package script '/home/lin/SX_RM_Navigation/Path_Navigation/install/path_tracking_controller/share/path_tracking_controller/package.sh'
[0.344s] INFO:colcon.colcon_core.shell:Creating package script '/home/lin/SX_RM_Navigation/Path_Navigation/install/path_tracking_controller/share/path_tracking_controller/package.bash'
[0.345s] INFO:colcon.colcon_core.shell:Creating package script '/home/lin/SX_RM_Navigation/Path_Navigation/install/path_tracking_controller/share/path_tracking_controller/package.zsh'
[0.345s] Level 1:colcon.colcon_core.environment:create_file_with_runtime_dependencies(/home/lin/SX_RM_Navigation/Path_Navigation/install/path_tracking_controller/share/colcon-core/packages/path_tracking_controller)
[0.345s] Level 1:colcon.colcon_core.environment:create_environment_scripts_only(path_tracking_controller)
[0.346s] Level 1:colcon.colcon_core.environment:checking '/home/lin/SX_RM_Navigation/Path_Navigation/install/path_tracking_controller' for CMake module files
[0.346s] Level 1:colcon.colcon_core.environment:checking '/home/lin/SX_RM_Navigation/Path_Navigation/install/path_tracking_controller' for CMake config files
[0.347s] Level 1:colcon.colcon_core.shell:create_environment_hook('path_tracking_controller', 'cmake_prefix_path')
[0.347s] INFO:colcon.colcon_core.shell:Creating environment hook '/home/lin/SX_RM_Navigation/Path_Navigation/install/path_tracking_controller/share/path_tracking_controller/hook/cmake_prefix_path.ps1'
[0.347s] INFO:colcon.colcon_core.shell:Creating environment descriptor '/home/lin/SX_RM_Navigation/Path_Navigation/install/path_tracking_controller/share/path_tracking_controller/hook/cmake_prefix_path.dsv'
[0.347s] INFO:colcon.colcon_core.shell:Creating environment hook '/home/lin/SX_RM_Navigation/Path_Navigation/install/path_tracking_controller/share/path_tracking_controller/hook/cmake_prefix_path.sh'
[0.347s] Level 1:colcon.colcon_core.environment:checking '/home/lin/SX_RM_Navigation/Path_Navigation/install/path_tracking_controller/lib'
[0.347s] Level 1:colcon.colcon_core.shell:create_environment_hook('path_tracking_controller', 'ld_library_path_lib')
[0.348s] INFO:colcon.colcon_core.shell:Creating environment hook '/home/lin/SX_RM_Navigation/Path_Navigation/install/path_tracking_controller/share/path_tracking_controller/hook/ld_library_path_lib.ps1'
[0.348s] INFO:colcon.colcon_core.shell:Creating environment descriptor '/home/lin/SX_RM_Navigation/Path_Navigation/install/path_tracking_controller/share/path_tracking_controller/hook/ld_library_path_lib.dsv'
[0.348s] INFO:colcon.colcon_core.shell:Creating environment hook '/home/lin/SX_RM_Navigation/Path_Navigation/install/path_tracking_controller/share/path_tracking_controller/hook/ld_library_path_lib.sh'
[0.348s] Level 1:colcon.colcon_core.environment:checking '/home/lin/SX_RM_Navigation/Path_Navigation/install/path_tracking_controller/bin'
[0.348s] Level 1:colcon.colcon_core.environment:checking '/home/lin/SX_RM_Navigation/Path_Navigation/install/path_tracking_controller/lib/pkgconfig/path_tracking_controller.pc'
[0.348s] Level 1:colcon.colcon_core.environment:checking '/home/lin/SX_RM_Navigation/Path_Navigation/install/path_tracking_controller/lib/python3.10/site-packages'
[0.349s] Level 1:colcon.colcon_core.environment:checking '/home/lin/SX_RM_Navigation/Path_Navigation/install/path_tracking_controller/bin'
[0.349s] INFO:colcon.colcon_core.shell:Creating package script '/home/lin/SX_RM_Navigation/Path_Navigation/install/path_tracking_controller/share/path_tracking_controller/package.ps1'
[0.349s] INFO:colcon.colcon_core.shell:Creating package descriptor '/home/lin/SX_RM_Navigation/Path_Navigation/install/path_tracking_controller/share/path_tracking_controller/package.dsv'
[0.349s] INFO:colcon.colcon_core.shell:Creating package script '/home/lin/SX_RM_Navigation/Path_Navigation/install/path_tracking_controller/share/path_tracking_controller/package.sh'
[0.349s] INFO:colcon.colcon_core.shell:Creating package script '/home/lin/SX_RM_Navigation/Path_Navigation/install/path_tracking_controller/share/path_tracking_controller/package.bash'
[0.349s] INFO:colcon.colcon_core.shell:Creating package script '/home/lin/SX_RM_Navigation/Path_Navigation/install/path_tracking_controller/share/path_tracking_controller/package.zsh'
[0.350s] Level 1:colcon.colcon_core.environment:create_file_with_runtime_dependencies(/home/lin/SX_RM_Navigation/Path_Navigation/install/path_tracking_controller/share/colcon-core/packages/path_tracking_controller)
[0.350s] Level 1:colcon.colcon_core.environment:create_environment_scripts_only(small_gicp_relocalization)
[0.350s] Level 1:colcon.colcon_core.environment:checking '/home/lin/SX_RM_Navigation/Path_Navigation/install/small_gicp_relocalization' for CMake module files
[0.351s] DEBUG:colcon.colcon_core.event_handler.log_command:Invoked command in '/home/lin/SX_RM_Navigation/Path_Navigation/build/small_gicp_relocalization' returned '0': CMAKE_PREFIX_PATH=${CMAKE_PREFIX_PATH}:/opt/ros/humble /usr/bin/cmake --install /home/lin/SX_RM_Navigation/Path_Navigation/build/small_gicp_relocalization
[0.351s] Level 1:colcon.colcon_core.environment:checking '/home/lin/SX_RM_Navigation/Path_Navigation/install/small_gicp_relocalization' for CMake config files
[0.351s] Level 1:colcon.colcon_core.shell:create_environment_hook('small_gicp_relocalization', 'cmake_prefix_path')
[0.351s] INFO:colcon.colcon_core.shell:Creating environment hook '/home/lin/SX_RM_Navigation/Path_Navigation/install/small_gicp_relocalization/share/small_gicp_relocalization/hook/cmake_prefix_path.ps1'
[0.351s] INFO:colcon.colcon_core.shell:Creating environment descriptor '/home/lin/SX_RM_Navigation/Path_Navigation/install/small_gicp_relocalization/share/small_gicp_relocalization/hook/cmake_prefix_path.dsv'
[0.351s] INFO:colcon.colcon_core.shell:Creating environment hook '/home/lin/SX_RM_Navigation/Path_Navigation/install/small_gicp_relocalization/share/small_gicp_relocalization/hook/cmake_prefix_path.sh'
[0.352s] Level 1:colcon.colcon_core.environment:checking '/home/lin/SX_RM_Navigation/Path_Navigation/install/small_gicp_relocalization/lib'
[0.352s] Level 1:colcon.colcon_core.shell:create_environment_hook('small_gicp_relocalization', 'ld_library_path_lib')
[0.352s] INFO:colcon.colcon_core.shell:Creating environment hook '/home/lin/SX_RM_Navigation/Path_Navigation/install/small_gicp_relocalization/share/small_gicp_relocalization/hook/ld_library_path_lib.ps1'
[0.352s] INFO:colcon.colcon_core.shell:Creating environment descriptor '/home/lin/SX_RM_Navigation/Path_Navigation/install/small_gicp_relocalization/share/small_gicp_relocalization/hook/ld_library_path_lib.dsv'
[0.352s] INFO:colcon.colcon_core.shell:Creating environment hook '/home/lin/SX_RM_Navigation/Path_Navigation/install/small_gicp_relocalization/share/small_gicp_relocalization/hook/ld_library_path_lib.sh'
[0.352s] Level 1:colcon.colcon_core.environment:checking '/home/lin/SX_RM_Navigation/Path_Navigation/install/small_gicp_relocalization/bin'
[0.352s] Level 1:colcon.colcon_core.environment:checking '/home/lin/SX_RM_Navigation/Path_Navigation/install/small_gicp_relocalization/lib/pkgconfig/small_gicp_relocalization.pc'
[0.352s] Level 1:colcon.colcon_core.environment:checking '/home/lin/SX_RM_Navigation/Path_Navigation/install/small_gicp_relocalization/lib/python3.10/site-packages'
[0.352s] Level 1:colcon.colcon_core.environment:checking '/home/lin/SX_RM_Navigation/Path_Navigation/install/small_gicp_relocalization/bin'
[0.353s] INFO:colcon.colcon_core.shell:Creating package script '/home/lin/SX_RM_Navigation/Path_Navigation/install/small_gicp_relocalization/share/small_gicp_relocalization/package.ps1'
[0.353s] INFO:colcon.colcon_core.shell:Creating package descriptor '/home/lin/SX_RM_Navigation/Path_Navigation/install/small_gicp_relocalization/share/small_gicp_relocalization/package.dsv'
[0.353s] INFO:colcon.colcon_core.shell:Creating package script '/home/lin/SX_RM_Navigation/Path_Navigation/install/small_gicp_relocalization/share/small_gicp_relocalization/package.sh'
[0.353s] INFO:colcon.colcon_core.shell:Creating package script '/home/lin/SX_RM_Navigation/Path_Navigation/install/small_gicp_relocalization/share/small_gicp_relocalization/package.bash'
[0.354s] INFO:colcon.colcon_core.shell:Creating package script '/home/lin/SX_RM_Navigation/Path_Navigation/install/small_gicp_relocalization/share/small_gicp_relocalization/package.zsh'
[0.354s] Level 1:colcon.colcon_core.environment:create_file_with_runtime_dependencies(/home/lin/SX_RM_Navigation/Path_Navigation/install/small_gicp_relocalization/share/colcon-core/packages/small_gicp_relocalization)
[0.354s] Level 1:colcon.colcon_core.environment:create_environment_scripts_only(small_gicp_relocalization)
[0.354s] Level 1:colcon.colcon_core.environment:checking '/home/lin/SX_RM_Navigation/Path_Navigation/install/small_gicp_relocalization' for CMake module files
[0.354s] Level 1:colcon.colcon_core.environment:checking '/home/lin/SX_RM_Navigation/Path_Navigation/install/small_gicp_relocalization' for CMake config files
[0.354s] Level 1:colcon.colcon_core.shell:create_environment_hook('small_gicp_relocalization', 'cmake_prefix_path')
[0.354s] INFO:colcon.colcon_core.shell:Creating environment hook '/home/lin/SX_RM_Navigation/Path_Navigation/install/small_gicp_relocalization/share/small_gicp_relocalization/hook/cmake_prefix_path.ps1'
[0.355s] INFO:colcon.colcon_core.shell:Creating environment descriptor '/home/lin/SX_RM_Navigation/Path_Navigation/install/small_gicp_relocalization/share/small_gicp_relocalization/hook/cmake_prefix_path.dsv'
[0.355s] INFO:colcon.colcon_core.shell:Creating environment hook '/home/lin/SX_RM_Navigation/Path_Navigation/install/small_gicp_relocalization/share/small_gicp_relocalization/hook/cmake_prefix_path.sh'
[0.355s] Level 1:colcon.colcon_core.environment:checking '/home/lin/SX_RM_Navigation/Path_Navigation/install/small_gicp_relocalization/lib'
[0.355s] Level 1:colcon.colcon_core.shell:create_environment_hook('small_gicp_relocalization', 'ld_library_path_lib')
[0.355s] INFO:colcon.colcon_core.shell:Creating environment hook '/home/lin/SX_RM_Navigation/Path_Navigation/install/small_gicp_relocalization/share/small_gicp_relocalization/hook/ld_library_path_lib.ps1'
[0.355s] INFO:colcon.colcon_core.shell:Creating environment descriptor '/home/lin/SX_RM_Navigation/Path_Navigation/install/small_gicp_relocalization/share/small_gicp_relocalization/hook/ld_library_path_lib.dsv'
[0.355s] INFO:colcon.colcon_core.shell:Creating environment hook '/home/lin/SX_RM_Navigation/Path_Navigation/install/small_gicp_relocalization/share/small_gicp_relocalization/hook/ld_library_path_lib.sh'
[0.355s] Level 1:colcon.colcon_core.environment:checking '/home/lin/SX_RM_Navigation/Path_Navigation/install/small_gicp_relocalization/bin'
[0.356s] Level 1:colcon.colcon_core.environment:checking '/home/lin/SX_RM_Navigation/Path_Navigation/install/small_gicp_relocalization/lib/pkgconfig/small_gicp_relocalization.pc'
[0.356s] Level 1:colcon.colcon_core.environment:checking '/home/lin/SX_RM_Navigation/Path_Navigation/install/small_gicp_relocalization/lib/python3.10/site-packages'
[0.356s] Level 1:colcon.colcon_core.environment:checking '/home/lin/SX_RM_Navigation/Path_Navigation/install/small_gicp_relocalization/bin'
[0.356s] INFO:colcon.colcon_core.shell:Creating package script '/home/lin/SX_RM_Navigation/Path_Navigation/install/small_gicp_relocalization/share/small_gicp_relocalization/package.ps1'
[0.356s] INFO:colcon.colcon_core.shell:Creating package descriptor '/home/lin/SX_RM_Navigation/Path_Navigation/install/small_gicp_relocalization/share/small_gicp_relocalization/package.dsv'
[0.356s] INFO:colcon.colcon_core.shell:Creating package script '/home/lin/SX_RM_Navigation/Path_Navigation/install/small_gicp_relocalization/share/small_gicp_relocalization/package.sh'
[0.357s] INFO:colcon.colcon_core.shell:Creating package script '/home/lin/SX_RM_Navigation/Path_Navigation/install/small_gicp_relocalization/share/small_gicp_relocalization/package.bash'
[0.357s] INFO:colcon.colcon_core.shell:Creating package script '/home/lin/SX_RM_Navigation/Path_Navigation/install/small_gicp_relocalization/share/small_gicp_relocalization/package.zsh'
[0.357s] Level 1:colcon.colcon_core.environment:create_file_with_runtime_dependencies(/home/lin/SX_RM_Navigation/Path_Navigation/install/small_gicp_relocalization/share/colcon-core/packages/small_gicp_relocalization)
[0.358s] Level 1:colcon.colcon_core.environment:create_environment_scripts_only(terrain_analysis_ext)
[0.359s] Level 1:colcon.colcon_core.environment:checking '/home/lin/SX_RM_Navigation/Path_Navigation/install/terrain_analysis_ext' for CMake module files
[0.360s] DEBUG:colcon.colcon_core.event_handler.log_command:Invoked command in '/home/lin/SX_RM_Navigation/Path_Navigation/build/terrain_analysis_ext' returned '0': CMAKE_PREFIX_PATH=${CMAKE_PREFIX_PATH}:/opt/ros/humble /usr/bin/cmake --install /home/lin/SX_RM_Navigation/Path_Navigation/build/terrain_analysis_ext
[0.360s] Level 1:colcon.colcon_core.environment:checking '/home/lin/SX_RM_Navigation/Path_Navigation/install/terrain_analysis_ext' for CMake config files
[0.360s] Level 1:colcon.colcon_core.shell:create_environment_hook('terrain_analysis_ext', 'cmake_prefix_path')
[0.360s] INFO:colcon.colcon_core.shell:Creating environment hook '/home/lin/SX_RM_Navigation/Path_Navigation/install/terrain_analysis_ext/share/terrain_analysis_ext/hook/cmake_prefix_path.ps1'
[0.361s] INFO:colcon.colcon_core.shell:Creating environment descriptor '/home/lin/SX_RM_Navigation/Path_Navigation/install/terrain_analysis_ext/share/terrain_analysis_ext/hook/cmake_prefix_path.dsv'
[0.361s] INFO:colcon.colcon_core.shell:Creating environment hook '/home/lin/SX_RM_Navigation/Path_Navigation/install/terrain_analysis_ext/share/terrain_analysis_ext/hook/cmake_prefix_path.sh'
[0.361s] Level 1:colcon.colcon_core.environment:checking '/home/lin/SX_RM_Navigation/Path_Navigation/install/terrain_analysis_ext/lib'
[0.362s] Level 1:colcon.colcon_core.environment:checking '/home/lin/SX_RM_Navigation/Path_Navigation/install/terrain_analysis_ext/bin'
[0.362s] Level 1:colcon.colcon_core.environment:checking '/home/lin/SX_RM_Navigation/Path_Navigation/install/terrain_analysis_ext/lib/pkgconfig/terrain_analysis_ext.pc'
[0.362s] Level 1:colcon.colcon_core.environment:checking '/home/lin/SX_RM_Navigation/Path_Navigation/install/terrain_analysis_ext/lib/python3.10/site-packages'
[0.362s] Level 1:colcon.colcon_core.environment:checking '/home/lin/SX_RM_Navigation/Path_Navigation/install/terrain_analysis_ext/bin'
[0.362s] INFO:colcon.colcon_core.shell:Creating package script '/home/lin/SX_RM_Navigation/Path_Navigation/install/terrain_analysis_ext/share/terrain_analysis_ext/package.ps1'
[0.363s] INFO:colcon.colcon_core.shell:Creating package descriptor '/home/lin/SX_RM_Navigation/Path_Navigation/install/terrain_analysis_ext/share/terrain_analysis_ext/package.dsv'
[0.363s] INFO:colcon.colcon_core.shell:Creating package script '/home/lin/SX_RM_Navigation/Path_Navigation/install/terrain_analysis_ext/share/terrain_analysis_ext/package.sh'
[0.364s] INFO:colcon.colcon_core.shell:Creating package script '/home/lin/SX_RM_Navigation/Path_Navigation/install/terrain_analysis_ext/share/terrain_analysis_ext/package.bash'
[0.364s] INFO:colcon.colcon_core.shell:Creating package script '/home/lin/SX_RM_Navigation/Path_Navigation/install/terrain_analysis_ext/share/terrain_analysis_ext/package.zsh'
[0.364s] Level 1:colcon.colcon_core.environment:create_file_with_runtime_dependencies(/home/lin/SX_RM_Navigation/Path_Navigation/install/terrain_analysis_ext/share/colcon-core/packages/terrain_analysis_ext)
[0.365s] Level 1:colcon.colcon_core.environment:create_environment_scripts_only(terrain_analysis_ext)
[0.365s] Level 1:colcon.colcon_core.environment:checking '/home/lin/SX_RM_Navigation/Path_Navigation/install/terrain_analysis_ext' for CMake module files
[0.365s] Level 1:colcon.colcon_core.environment:checking '/home/lin/SX_RM_Navigation/Path_Navigation/install/terrain_analysis_ext' for CMake config files
[0.366s] Level 1:colcon.colcon_core.shell:create_environment_hook('terrain_analysis_ext', 'cmake_prefix_path')
[0.366s] INFO:colcon.colcon_core.shell:Creating environment hook '/home/lin/SX_RM_Navigation/Path_Navigation/install/terrain_analysis_ext/share/terrain_analysis_ext/hook/cmake_prefix_path.ps1'
[0.366s] INFO:colcon.colcon_core.shell:Creating environment descriptor '/home/lin/SX_RM_Navigation/Path_Navigation/install/terrain_analysis_ext/share/terrain_analysis_ext/hook/cmake_prefix_path.dsv'
[0.367s] INFO:colcon.colcon_core.shell:Creating environment hook '/home/lin/SX_RM_Navigation/Path_Navigation/install/terrain_analysis_ext/share/terrain_analysis_ext/hook/cmake_prefix_path.sh'
[0.367s] Level 1:colcon.colcon_core.environment:checking '/home/lin/SX_RM_Navigation/Path_Navigation/install/terrain_analysis_ext/lib'
[0.367s] Level 1:colcon.colcon_core.environment:checking '/home/lin/SX_RM_Navigation/Path_Navigation/install/terrain_analysis_ext/bin'
[0.367s] Level 1:colcon.colcon_core.environment:checking '/home/lin/SX_RM_Navigation/Path_Navigation/install/terrain_analysis_ext/lib/pkgconfig/terrain_analysis_ext.pc'
[0.367s] Level 1:colcon.colcon_core.environment:checking '/home/lin/SX_RM_Navigation/Path_Navigation/install/terrain_analysis_ext/lib/python3.10/site-packages'
[0.368s] Level 1:colcon.colcon_core.environment:checking '/home/lin/SX_RM_Navigation/Path_Navigation/install/terrain_analysis_ext/bin'
[0.368s] INFO:colcon.colcon_core.shell:Creating package script '/home/lin/SX_RM_Navigation/Path_Navigation/install/terrain_analysis_ext/share/terrain_analysis_ext/package.ps1'
[0.368s] INFO:colcon.colcon_core.shell:Creating package descriptor '/home/lin/SX_RM_Navigation/Path_Navigation/install/terrain_analysis_ext/share/terrain_analysis_ext/package.dsv'
[0.369s] INFO:colcon.colcon_core.shell:Creating package script '/home/lin/SX_RM_Navigation/Path_Navigation/install/terrain_analysis_ext/share/terrain_analysis_ext/package.sh'
[0.369s] INFO:colcon.colcon_core.shell:Creating package script '/home/lin/SX_RM_Navigation/Path_Navigation/install/terrain_analysis_ext/share/terrain_analysis_ext/package.bash'
[0.369s] INFO:colcon.colcon_core.shell:Creating package script '/home/lin/SX_RM_Navigation/Path_Navigation/install/terrain_analysis_ext/share/terrain_analysis_ext/package.zsh'
[0.370s] Level 1:colcon.colcon_core.environment:create_file_with_runtime_dependencies(/home/lin/SX_RM_Navigation/Path_Navigation/install/terrain_analysis_ext/share/colcon-core/packages/terrain_analysis_ext)
[0.370s] Level 1:colcon.colcon_core.environment:create_environment_scripts_only(ign_sim_pointcloud_tool)
[0.370s] Level 1:colcon.colcon_core.environment:checking '/home/lin/SX_RM_Navigation/Path_Navigation/install/ign_sim_pointcloud_tool' for CMake module files
[0.371s] Level 1:colcon.colcon_core.environment:checking '/home/lin/SX_RM_Navigation/Path_Navigation/install/ign_sim_pointcloud_tool' for CMake config files
[0.371s] DEBUG:colcon.colcon_core.event_handler.log_command:Invoked command in '/home/lin/SX_RM_Navigation/Path_Navigation/build/ign_sim_pointcloud_tool' returned '0': CMAKE_PREFIX_PATH=${CMAKE_PREFIX_PATH}:/opt/ros/humble /usr/bin/cmake --install /home/lin/SX_RM_Navigation/Path_Navigation/build/ign_sim_pointcloud_tool
[0.372s] Level 1:colcon.colcon_core.shell:create_environment_hook('ign_sim_pointcloud_tool', 'cmake_prefix_path')
[0.372s] INFO:colcon.colcon_core.shell:Creating environment hook '/home/lin/SX_RM_Navigation/Path_Navigation/install/ign_sim_pointcloud_tool/share/ign_sim_pointcloud_tool/hook/cmake_prefix_path.ps1'
[0.372s] INFO:colcon.colcon_core.shell:Creating environment descriptor '/home/lin/SX_RM_Navigation/Path_Navigation/install/ign_sim_pointcloud_tool/share/ign_sim_pointcloud_tool/hook/cmake_prefix_path.dsv'
[0.372s] INFO:colcon.colcon_core.shell:Creating environment hook '/home/lin/SX_RM_Navigation/Path_Navigation/install/ign_sim_pointcloud_tool/share/ign_sim_pointcloud_tool/hook/cmake_prefix_path.sh'
[0.373s] Level 1:colcon.colcon_core.environment:checking '/home/lin/SX_RM_Navigation/Path_Navigation/install/ign_sim_pointcloud_tool/lib'
[0.373s] Level 1:colcon.colcon_core.shell:create_environment_hook('ign_sim_pointcloud_tool', 'ld_library_path_lib')
[0.373s] INFO:colcon.colcon_core.shell:Creating environment hook '/home/lin/SX_RM_Navigation/Path_Navigation/install/ign_sim_pointcloud_tool/share/ign_sim_pointcloud_tool/hook/ld_library_path_lib.ps1'
[0.373s] INFO:colcon.colcon_core.shell:Creating environment descriptor '/home/lin/SX_RM_Navigation/Path_Navigation/install/ign_sim_pointcloud_tool/share/ign_sim_pointcloud_tool/hook/ld_library_path_lib.dsv'
[0.374s] INFO:colcon.colcon_core.shell:Creating environment hook '/home/lin/SX_RM_Navigation/Path_Navigation/install/ign_sim_pointcloud_tool/share/ign_sim_pointcloud_tool/hook/ld_library_path_lib.sh'
[0.374s] Level 1:colcon.colcon_core.environment:checking '/home/lin/SX_RM_Navigation/Path_Navigation/install/ign_sim_pointcloud_tool/bin'
[0.374s] Level 1:colcon.colcon_core.environment:checking '/home/lin/SX_RM_Navigation/Path_Navigation/install/ign_sim_pointcloud_tool/lib/pkgconfig/ign_sim_pointcloud_tool.pc'
[0.374s] Level 1:colcon.colcon_core.environment:checking '/home/lin/SX_RM_Navigation/Path_Navigation/install/ign_sim_pointcloud_tool/lib/python3.10/site-packages'
[0.374s] Level 1:colcon.colcon_core.environment:checking '/home/lin/SX_RM_Navigation/Path_Navigation/install/ign_sim_pointcloud_tool/bin'
[0.374s] INFO:colcon.colcon_core.shell:Creating package script '/home/lin/SX_RM_Navigation/Path_Navigation/install/ign_sim_pointcloud_tool/share/ign_sim_pointcloud_tool/package.ps1'
[0.375s] INFO:colcon.colcon_core.shell:Creating package descriptor '/home/lin/SX_RM_Navigation/Path_Navigation/install/ign_sim_pointcloud_tool/share/ign_sim_pointcloud_tool/package.dsv'
[0.375s] INFO:colcon.colcon_core.shell:Creating package script '/home/lin/SX_RM_Navigation/Path_Navigation/install/ign_sim_pointcloud_tool/share/ign_sim_pointcloud_tool/package.sh'
[0.375s] INFO:colcon.colcon_core.shell:Creating package script '/home/lin/SX_RM_Navigation/Path_Navigation/install/ign_sim_pointcloud_tool/share/ign_sim_pointcloud_tool/package.bash'
[0.375s] INFO:colcon.colcon_core.shell:Creating package script '/home/lin/SX_RM_Navigation/Path_Navigation/install/ign_sim_pointcloud_tool/share/ign_sim_pointcloud_tool/package.zsh'
[0.375s] Level 1:colcon.colcon_core.environment:create_file_with_runtime_dependencies(/home/lin/SX_RM_Navigation/Path_Navigation/install/ign_sim_pointcloud_tool/share/colcon-core/packages/ign_sim_pointcloud_tool)
[0.376s] Level 1:colcon.colcon_core.environment:create_environment_scripts_only(ign_sim_pointcloud_tool)
[0.376s] Level 1:colcon.colcon_core.environment:checking '/home/lin/SX_RM_Navigation/Path_Navigation/install/ign_sim_pointcloud_tool' for CMake module files
[0.376s] Level 1:colcon.colcon_core.environment:checking '/home/lin/SX_RM_Navigation/Path_Navigation/install/ign_sim_pointcloud_tool' for CMake config files
[0.376s] Level 1:colcon.colcon_core.shell:create_environment_hook('ign_sim_pointcloud_tool', 'cmake_prefix_path')
[0.376s] INFO:colcon.colcon_core.shell:Creating environment hook '/home/lin/SX_RM_Navigation/Path_Navigation/install/ign_sim_pointcloud_tool/share/ign_sim_pointcloud_tool/hook/cmake_prefix_path.ps1'
[0.376s] INFO:colcon.colcon_core.shell:Creating environment descriptor '/home/lin/SX_RM_Navigation/Path_Navigation/install/ign_sim_pointcloud_tool/share/ign_sim_pointcloud_tool/hook/cmake_prefix_path.dsv'
[0.376s] INFO:colcon.colcon_core.shell:Creating environment hook '/home/lin/SX_RM_Navigation/Path_Navigation/install/ign_sim_pointcloud_tool/share/ign_sim_pointcloud_tool/hook/cmake_prefix_path.sh'
[0.377s] Level 1:colcon.colcon_core.environment:checking '/home/lin/SX_RM_Navigation/Path_Navigation/install/ign_sim_pointcloud_tool/lib'
[0.377s] Level 1:colcon.colcon_core.shell:create_environment_hook('ign_sim_pointcloud_tool', 'ld_library_path_lib')
[0.377s] INFO:colcon.colcon_core.shell:Creating environment hook '/home/lin/SX_RM_Navigation/Path_Navigation/install/ign_sim_pointcloud_tool/share/ign_sim_pointcloud_tool/hook/ld_library_path_lib.ps1'
[0.377s] INFO:colcon.colcon_core.shell:Creating environment descriptor '/home/lin/SX_RM_Navigation/Path_Navigation/install/ign_sim_pointcloud_tool/share/ign_sim_pointcloud_tool/hook/ld_library_path_lib.dsv'
[0.377s] INFO:colcon.colcon_core.shell:Creating environment hook '/home/lin/SX_RM_Navigation/Path_Navigation/install/ign_sim_pointcloud_tool/share/ign_sim_pointcloud_tool/hook/ld_library_path_lib.sh'
[0.377s] Level 1:colcon.colcon_core.environment:checking '/home/lin/SX_RM_Navigation/Path_Navigation/install/ign_sim_pointcloud_tool/bin'
[0.377s] Level 1:colcon.colcon_core.environment:checking '/home/lin/SX_RM_Navigation/Path_Navigation/install/ign_sim_pointcloud_tool/lib/pkgconfig/ign_sim_pointcloud_tool.pc'
[0.377s] Level 1:colcon.colcon_core.environment:checking '/home/lin/SX_RM_Navigation/Path_Navigation/install/ign_sim_pointcloud_tool/lib/python3.10/site-packages'
[0.378s] Level 1:colcon.colcon_core.environment:checking '/home/lin/SX_RM_Navigation/Path_Navigation/install/ign_sim_pointcloud_tool/bin'
[0.378s] INFO:colcon.colcon_core.shell:Creating package script '/home/lin/SX_RM_Navigation/Path_Navigation/install/ign_sim_pointcloud_tool/share/ign_sim_pointcloud_tool/package.ps1'
[0.378s] INFO:colcon.colcon_core.shell:Creating package descriptor '/home/lin/SX_RM_Navigation/Path_Navigation/install/ign_sim_pointcloud_tool/share/ign_sim_pointcloud_tool/package.dsv'
[0.378s] INFO:colcon.colcon_core.shell:Creating package script '/home/lin/SX_RM_Navigation/Path_Navigation/install/ign_sim_pointcloud_tool/share/ign_sim_pointcloud_tool/package.sh'
[0.378s] INFO:colcon.colcon_core.shell:Creating package script '/home/lin/SX_RM_Navigation/Path_Navigation/install/ign_sim_pointcloud_tool/share/ign_sim_pointcloud_tool/package.bash'
[0.379s] INFO:colcon.colcon_core.shell:Creating package script '/home/lin/SX_RM_Navigation/Path_Navigation/install/ign_sim_pointcloud_tool/share/ign_sim_pointcloud_tool/package.zsh'
[0.379s] Level 1:colcon.colcon_core.environment:create_file_with_runtime_dependencies(/home/lin/SX_RM_Navigation/Path_Navigation/install/ign_sim_pointcloud_tool/share/colcon-core/packages/ign_sim_pointcloud_tool)
[0.380s] Level 1:colcon.colcon_core.environment:create_environment_scripts_only(sensor_scan_generation)
[0.380s] DEBUG:colcon.colcon_core.event_handler.log_command:Invoked command in '/home/lin/SX_RM_Navigation/Path_Navigation/build/pointcloud_to_laserscan' returned '0': CMAKE_PREFIX_PATH=${CMAKE_PREFIX_PATH}:/opt/ros/humble /usr/bin/cmake --build /home/lin/SX_RM_Navigation/Path_Navigation/build/pointcloud_to_laserscan -- -j32 -l32
[0.380s] Level 1:colcon.colcon_core.environment:checking '/home/lin/SX_RM_Navigation/Path_Navigation/install/sensor_scan_generation' for CMake module files
[0.381s] DEBUG:colcon.colcon_core.event_handler.log_command:Invoking command in '/home/lin/SX_RM_Navigation/Path_Navigation/build/pointcloud_to_laserscan': CMAKE_PREFIX_PATH=${CMAKE_PREFIX_PATH}:/opt/ros/humble /usr/bin/cmake --install /home/lin/SX_RM_Navigation/Path_Navigation/build/pointcloud_to_laserscan
[0.381s] DEBUG:colcon.colcon_core.event_handler.log_command:Invoked command in '/home/lin/SX_RM_Navigation/Path_Navigation/build/sensor_scan_generation' returned '0': CMAKE_PREFIX_PATH=${CMAKE_PREFIX_PATH}:/opt/ros/humble /usr/bin/cmake --install /home/lin/SX_RM_Navigation/Path_Navigation/build/sensor_scan_generation
[0.381s] Level 1:colcon.colcon_core.environment:checking '/home/lin/SX_RM_Navigation/Path_Navigation/install/sensor_scan_generation' for CMake config files
[0.381s] Level 1:colcon.colcon_core.shell:create_environment_hook('sensor_scan_generation', 'cmake_prefix_path')
[0.381s] INFO:colcon.colcon_core.shell:Creating environment hook '/home/lin/SX_RM_Navigation/Path_Navigation/install/sensor_scan_generation/share/sensor_scan_generation/hook/cmake_prefix_path.ps1'
[0.381s] INFO:colcon.colcon_core.shell:Creating environment descriptor '/home/lin/SX_RM_Navigation/Path_Navigation/install/sensor_scan_generation/share/sensor_scan_generation/hook/cmake_prefix_path.dsv'
[0.381s] INFO:colcon.colcon_core.shell:Creating environment hook '/home/lin/SX_RM_Navigation/Path_Navigation/install/sensor_scan_generation/share/sensor_scan_generation/hook/cmake_prefix_path.sh'
[0.382s] Level 1:colcon.colcon_core.environment:checking '/home/lin/SX_RM_Navigation/Path_Navigation/install/sensor_scan_generation/lib'
[0.382s] Level 1:colcon.colcon_core.shell:create_environment_hook('sensor_scan_generation', 'ld_library_path_lib')
[0.382s] INFO:colcon.colcon_core.shell:Creating environment hook '/home/lin/SX_RM_Navigation/Path_Navigation/install/sensor_scan_generation/share/sensor_scan_generation/hook/ld_library_path_lib.ps1'
[0.382s] INFO:colcon.colcon_core.shell:Creating environment descriptor '/home/lin/SX_RM_Navigation/Path_Navigation/install/sensor_scan_generation/share/sensor_scan_generation/hook/ld_library_path_lib.dsv'
[0.382s] INFO:colcon.colcon_core.shell:Creating environment hook '/home/lin/SX_RM_Navigation/Path_Navigation/install/sensor_scan_generation/share/sensor_scan_generation/hook/ld_library_path_lib.sh'
[0.382s] Level 1:colcon.colcon_core.environment:checking '/home/lin/SX_RM_Navigation/Path_Navigation/install/sensor_scan_generation/bin'
[0.382s] Level 1:colcon.colcon_core.environment:checking '/home/lin/SX_RM_Navigation/Path_Navigation/install/sensor_scan_generation/lib/pkgconfig/sensor_scan_generation.pc'
[0.382s] Level 1:colcon.colcon_core.environment:checking '/home/lin/SX_RM_Navigation/Path_Navigation/install/sensor_scan_generation/lib/python3.10/site-packages'
[0.383s] Level 1:colcon.colcon_core.environment:checking '/home/lin/SX_RM_Navigation/Path_Navigation/install/sensor_scan_generation/bin'
[0.383s] INFO:colcon.colcon_core.shell:Creating package script '/home/lin/SX_RM_Navigation/Path_Navigation/install/sensor_scan_generation/share/sensor_scan_generation/package.ps1'
[0.383s] INFO:colcon.colcon_core.shell:Creating package descriptor '/home/lin/SX_RM_Navigation/Path_Navigation/install/sensor_scan_generation/share/sensor_scan_generation/package.dsv'
[0.383s] INFO:colcon.colcon_core.shell:Creating package script '/home/lin/SX_RM_Navigation/Path_Navigation/install/sensor_scan_generation/share/sensor_scan_generation/package.sh'
[0.383s] INFO:colcon.colcon_core.shell:Creating package script '/home/lin/SX_RM_Navigation/Path_Navigation/install/sensor_scan_generation/share/sensor_scan_generation/package.bash'
[0.383s] INFO:colcon.colcon_core.shell:Creating package script '/home/lin/SX_RM_Navigation/Path_Navigation/install/sensor_scan_generation/share/sensor_scan_generation/package.zsh'
[0.384s] Level 1:colcon.colcon_core.environment:create_file_with_runtime_dependencies(/home/lin/SX_RM_Navigation/Path_Navigation/install/sensor_scan_generation/share/colcon-core/packages/sensor_scan_generation)
[0.384s] Level 1:colcon.colcon_core.environment:create_environment_scripts_only(sensor_scan_generation)
[0.384s] Level 1:colcon.colcon_core.environment:checking '/home/lin/SX_RM_Navigation/Path_Navigation/install/sensor_scan_generation' for CMake module files
[0.384s] Level 1:colcon.colcon_core.environment:checking '/home/lin/SX_RM_Navigation/Path_Navigation/install/sensor_scan_generation' for CMake config files
[0.384s] Level 1:colcon.colcon_core.shell:create_environment_hook('sensor_scan_generation', 'cmake_prefix_path')
[0.384s] INFO:colcon.colcon_core.shell:Creating environment hook '/home/lin/SX_RM_Navigation/Path_Navigation/install/sensor_scan_generation/share/sensor_scan_generation/hook/cmake_prefix_path.ps1'
[0.385s] INFO:colcon.colcon_core.shell:Creating environment descriptor '/home/lin/SX_RM_Navigation/Path_Navigation/install/sensor_scan_generation/share/sensor_scan_generation/hook/cmake_prefix_path.dsv'
[0.385s] INFO:colcon.colcon_core.shell:Creating environment hook '/home/lin/SX_RM_Navigation/Path_Navigation/install/sensor_scan_generation/share/sensor_scan_generation/hook/cmake_prefix_path.sh'
[0.385s] Level 1:colcon.colcon_core.environment:checking '/home/lin/SX_RM_Navigation/Path_Navigation/install/sensor_scan_generation/lib'
[0.385s] Level 1:colcon.colcon_core.shell:create_environment_hook('sensor_scan_generation', 'ld_library_path_lib')
[0.385s] INFO:colcon.colcon_core.shell:Creating environment hook '/home/lin/SX_RM_Navigation/Path_Navigation/install/sensor_scan_generation/share/sensor_scan_generation/hook/ld_library_path_lib.ps1'
[0.385s] INFO:colcon.colcon_core.shell:Creating environment descriptor '/home/lin/SX_RM_Navigation/Path_Navigation/install/sensor_scan_generation/share/sensor_scan_generation/hook/ld_library_path_lib.dsv'
[0.385s] INFO:colcon.colcon_core.shell:Creating environment hook '/home/lin/SX_RM_Navigation/Path_Navigation/install/sensor_scan_generation/share/sensor_scan_generation/hook/ld_library_path_lib.sh'
[0.386s] Level 1:colcon.colcon_core.environment:checking '/home/lin/SX_RM_Navigation/Path_Navigation/install/sensor_scan_generation/bin'
[0.386s] Level 1:colcon.colcon_core.environment:checking '/home/lin/SX_RM_Navigation/Path_Navigation/install/sensor_scan_generation/lib/pkgconfig/sensor_scan_generation.pc'
[0.386s] Level 1:colcon.colcon_core.environment:checking '/home/lin/SX_RM_Navigation/Path_Navigation/install/sensor_scan_generation/lib/python3.10/site-packages'
[0.386s] Level 1:colcon.colcon_core.environment:checking '/home/lin/SX_RM_Navigation/Path_Navigation/install/sensor_scan_generation/bin'
[0.386s] INFO:colcon.colcon_core.shell:Creating package script '/home/lin/SX_RM_Navigation/Path_Navigation/install/sensor_scan_generation/share/sensor_scan_generation/package.ps1'
[0.386s] INFO:colcon.colcon_core.shell:Creating package descriptor '/home/lin/SX_RM_Navigation/Path_Navigation/install/sensor_scan_generation/share/sensor_scan_generation/package.dsv'
[0.387s] INFO:colcon.colcon_core.shell:Creating package script '/home/lin/SX_RM_Navigation/Path_Navigation/install/sensor_scan_generation/share/sensor_scan_generation/package.sh'
[0.387s] INFO:colcon.colcon_core.shell:Creating package script '/home/lin/SX_RM_Navigation/Path_Navigation/install/sensor_scan_generation/share/sensor_scan_generation/package.bash'
[0.387s] INFO:colcon.colcon_core.shell:Creating package script '/home/lin/SX_RM_Navigation/Path_Navigation/install/sensor_scan_generation/share/sensor_scan_generation/package.zsh'
[0.387s] Level 1:colcon.colcon_core.environment:create_file_with_runtime_dependencies(/home/lin/SX_RM_Navigation/Path_Navigation/install/sensor_scan_generation/share/colcon-core/packages/sensor_scan_generation)
[0.389s] DEBUG:colcon.colcon_core.event_handler.log_command:Invoked command in '/home/lin/SX_RM_Navigation/Path_Navigation/build/map_cost_extend' returned '0': CMAKE_PREFIX_PATH=${CMAKE_PREFIX_PATH}:/opt/ros/humble /usr/bin/cmake --build /home/lin/SX_RM_Navigation/Path_Navigation/build/map_cost_extend -- -j32 -l32
[0.389s] DEBUG:colcon.colcon_core.event_handler.log_command:Invoking command in '/home/lin/SX_RM_Navigation/Path_Navigation/build/map_cost_extend': CMAKE_PREFIX_PATH=${CMAKE_PREFIX_PATH}:/opt/ros/humble /usr/bin/cmake --install /home/lin/SX_RM_Navigation/Path_Navigation/build/map_cost_extend
[0.394s] Level 1:colcon.colcon_core.environment:create_environment_scripts_only(pointcloud_to_laserscan)
[0.395s] Level 1:colcon.colcon_core.environment:checking '/home/lin/SX_RM_Navigation/Path_Navigation/install/pointcloud_to_laserscan' for CMake module files
[0.395s] DEBUG:colcon.colcon_core.event_handler.log_command:Invoked command in '/home/lin/SX_RM_Navigation/Path_Navigation/build/pointcloud_to_laserscan' returned '0': CMAKE_PREFIX_PATH=${CMAKE_PREFIX_PATH}:/opt/ros/humble /usr/bin/cmake --install /home/lin/SX_RM_Navigation/Path_Navigation/build/pointcloud_to_laserscan
[0.396s] Level 1:colcon.colcon_core.environment:checking '/home/lin/SX_RM_Navigation/Path_Navigation/install/pointcloud_to_laserscan' for CMake config files
[0.397s] Level 1:colcon.colcon_core.shell:create_environment_hook('pointcloud_to_laserscan', 'cmake_prefix_path')
[0.398s] INFO:colcon.colcon_core.shell:Creating environment hook '/home/lin/SX_RM_Navigation/Path_Navigation/install/pointcloud_to_laserscan/share/pointcloud_to_laserscan/hook/cmake_prefix_path.ps1'
[0.398s] INFO:colcon.colcon_core.shell:Creating environment descriptor '/home/lin/SX_RM_Navigation/Path_Navigation/install/pointcloud_to_laserscan/share/pointcloud_to_laserscan/hook/cmake_prefix_path.dsv'
[0.398s] INFO:colcon.colcon_core.shell:Creating environment hook '/home/lin/SX_RM_Navigation/Path_Navigation/install/pointcloud_to_laserscan/share/pointcloud_to_laserscan/hook/cmake_prefix_path.sh'
[0.399s] Level 1:colcon.colcon_core.environment:checking '/home/lin/SX_RM_Navigation/Path_Navigation/install/pointcloud_to_laserscan/lib'
[0.399s] Level 1:colcon.colcon_core.shell:create_environment_hook('pointcloud_to_laserscan', 'ld_library_path_lib')
[0.399s] INFO:colcon.colcon_core.shell:Creating environment hook '/home/lin/SX_RM_Navigation/Path_Navigation/install/pointcloud_to_laserscan/share/pointcloud_to_laserscan/hook/ld_library_path_lib.ps1'
[0.399s] INFO:colcon.colcon_core.shell:Creating environment descriptor '/home/lin/SX_RM_Navigation/Path_Navigation/install/pointcloud_to_laserscan/share/pointcloud_to_laserscan/hook/ld_library_path_lib.dsv'
[0.400s] INFO:colcon.colcon_core.shell:Creating environment hook '/home/lin/SX_RM_Navigation/Path_Navigation/install/pointcloud_to_laserscan/share/pointcloud_to_laserscan/hook/ld_library_path_lib.sh'
[0.400s] Level 1:colcon.colcon_core.environment:checking '/home/lin/SX_RM_Navigation/Path_Navigation/install/pointcloud_to_laserscan/bin'
[0.400s] Level 1:colcon.colcon_core.environment:checking '/home/lin/SX_RM_Navigation/Path_Navigation/install/pointcloud_to_laserscan/lib/pkgconfig/pointcloud_to_laserscan.pc'
[0.400s] Level 1:colcon.colcon_core.environment:checking '/home/lin/SX_RM_Navigation/Path_Navigation/install/pointcloud_to_laserscan/lib/python3.10/site-packages'
[0.400s] Level 1:colcon.colcon_core.environment:checking '/home/lin/SX_RM_Navigation/Path_Navigation/install/pointcloud_to_laserscan/bin'
[0.400s] INFO:colcon.colcon_core.shell:Creating package script '/home/lin/SX_RM_Navigation/Path_Navigation/install/pointcloud_to_laserscan/share/pointcloud_to_laserscan/package.ps1'
[0.401s] INFO:colcon.colcon_core.shell:Creating package descriptor '/home/lin/SX_RM_Navigation/Path_Navigation/install/pointcloud_to_laserscan/share/pointcloud_to_laserscan/package.dsv'
[0.401s] INFO:colcon.colcon_core.shell:Creating package script '/home/lin/SX_RM_Navigation/Path_Navigation/install/pointcloud_to_laserscan/share/pointcloud_to_laserscan/package.sh'
[0.401s] INFO:colcon.colcon_core.shell:Creating package script '/home/lin/SX_RM_Navigation/Path_Navigation/install/pointcloud_to_laserscan/share/pointcloud_to_laserscan/package.bash'
[0.401s] INFO:colcon.colcon_core.shell:Creating package script '/home/lin/SX_RM_Navigation/Path_Navigation/install/pointcloud_to_laserscan/share/pointcloud_to_laserscan/package.zsh'
[0.401s] Level 1:colcon.colcon_core.environment:create_file_with_runtime_dependencies(/home/lin/SX_RM_Navigation/Path_Navigation/install/pointcloud_to_laserscan/share/colcon-core/packages/pointcloud_to_laserscan)
[0.401s] Level 1:colcon.colcon_core.environment:create_environment_scripts_only(pointcloud_to_laserscan)
[0.402s] Level 1:colcon.colcon_core.environment:checking '/home/lin/SX_RM_Navigation/Path_Navigation/install/pointcloud_to_laserscan' for CMake module files
[0.402s] Level 1:colcon.colcon_core.environment:checking '/home/lin/SX_RM_Navigation/Path_Navigation/install/pointcloud_to_laserscan' for CMake config files
[0.402s] Level 1:colcon.colcon_core.shell:create_environment_hook('pointcloud_to_laserscan', 'cmake_prefix_path')
[0.402s] INFO:colcon.colcon_core.shell:Creating environment hook '/home/lin/SX_RM_Navigation/Path_Navigation/install/pointcloud_to_laserscan/share/pointcloud_to_laserscan/hook/cmake_prefix_path.ps1'
[0.402s] INFO:colcon.colcon_core.shell:Creating environment descriptor '/home/lin/SX_RM_Navigation/Path_Navigation/install/pointcloud_to_laserscan/share/pointcloud_to_laserscan/hook/cmake_prefix_path.dsv'
[0.402s] INFO:colcon.colcon_core.shell:Creating environment hook '/home/lin/SX_RM_Navigation/Path_Navigation/install/pointcloud_to_laserscan/share/pointcloud_to_laserscan/hook/cmake_prefix_path.sh'
[0.403s] Level 1:colcon.colcon_core.environment:checking '/home/lin/SX_RM_Navigation/Path_Navigation/install/pointcloud_to_laserscan/lib'
[0.403s] Level 1:colcon.colcon_core.shell:create_environment_hook('pointcloud_to_laserscan', 'ld_library_path_lib')
[0.403s] INFO:colcon.colcon_core.shell:Creating environment hook '/home/lin/SX_RM_Navigation/Path_Navigation/install/pointcloud_to_laserscan/share/pointcloud_to_laserscan/hook/ld_library_path_lib.ps1'
[0.403s] INFO:colcon.colcon_core.shell:Creating environment descriptor '/home/lin/SX_RM_Navigation/Path_Navigation/install/pointcloud_to_laserscan/share/pointcloud_to_laserscan/hook/ld_library_path_lib.dsv'
[0.403s] INFO:colcon.colcon_core.shell:Creating environment hook '/home/lin/SX_RM_Navigation/Path_Navigation/install/pointcloud_to_laserscan/share/pointcloud_to_laserscan/hook/ld_library_path_lib.sh'
[0.404s] Level 1:colcon.colcon_core.environment:checking '/home/lin/SX_RM_Navigation/Path_Navigation/install/pointcloud_to_laserscan/bin'
[0.404s] Level 1:colcon.colcon_core.environment:checking '/home/lin/SX_RM_Navigation/Path_Navigation/install/pointcloud_to_laserscan/lib/pkgconfig/pointcloud_to_laserscan.pc'
[0.404s] Level 1:colcon.colcon_core.environment:checking '/home/lin/SX_RM_Navigation/Path_Navigation/install/pointcloud_to_laserscan/lib/python3.10/site-packages'
[0.404s] Level 1:colcon.colcon_core.environment:checking '/home/lin/SX_RM_Navigation/Path_Navigation/install/pointcloud_to_laserscan/bin'
[0.404s] INFO:colcon.colcon_core.shell:Creating package script '/home/lin/SX_RM_Navigation/Path_Navigation/install/pointcloud_to_laserscan/share/pointcloud_to_laserscan/package.ps1'
[0.404s] INFO:colcon.colcon_core.shell:Creating package descriptor '/home/lin/SX_RM_Navigation/Path_Navigation/install/pointcloud_to_laserscan/share/pointcloud_to_laserscan/package.dsv'
[0.405s] INFO:colcon.colcon_core.shell:Creating package script '/home/lin/SX_RM_Navigation/Path_Navigation/install/pointcloud_to_laserscan/share/pointcloud_to_laserscan/package.sh'
[0.405s] INFO:colcon.colcon_core.shell:Creating package script '/home/lin/SX_RM_Navigation/Path_Navigation/install/pointcloud_to_laserscan/share/pointcloud_to_laserscan/package.bash'
[0.406s] INFO:colcon.colcon_core.shell:Creating package script '/home/lin/SX_RM_Navigation/Path_Navigation/install/pointcloud_to_laserscan/share/pointcloud_to_laserscan/package.zsh'
[0.406s] Level 1:colcon.colcon_core.environment:create_file_with_runtime_dependencies(/home/lin/SX_RM_Navigation/Path_Navigation/install/pointcloud_to_laserscan/share/colcon-core/packages/pointcloud_to_laserscan)
[0.407s] Level 1:colcon.colcon_core.environment:create_environment_scripts_only(map_cost_extend)
[0.407s] Level 1:colcon.colcon_core.environment:checking '/home/lin/SX_RM_Navigation/Path_Navigation/install/map_cost_extend' for CMake module files
[0.408s] DEBUG:colcon.colcon_core.event_handler.log_command:Invoked command in '/home/lin/SX_RM_Navigation/Path_Navigation/build/map_cost_extend' returned '0': CMAKE_PREFIX_PATH=${CMAKE_PREFIX_PATH}:/opt/ros/humble /usr/bin/cmake --install /home/lin/SX_RM_Navigation/Path_Navigation/build/map_cost_extend
[0.408s] Level 1:colcon.colcon_core.environment:checking '/home/lin/SX_RM_Navigation/Path_Navigation/install/map_cost_extend' for CMake config files
[0.408s] Level 1:colcon.colcon_core.shell:create_environment_hook('map_cost_extend', 'cmake_prefix_path')
[0.408s] INFO:colcon.colcon_core.shell:Creating environment hook '/home/lin/SX_RM_Navigation/Path_Navigation/install/map_cost_extend/share/map_cost_extend/hook/cmake_prefix_path.ps1'
[0.408s] INFO:colcon.colcon_core.shell:Creating environment descriptor '/home/lin/SX_RM_Navigation/Path_Navigation/install/map_cost_extend/share/map_cost_extend/hook/cmake_prefix_path.dsv'
[0.409s] INFO:colcon.colcon_core.shell:Creating environment hook '/home/lin/SX_RM_Navigation/Path_Navigation/install/map_cost_extend/share/map_cost_extend/hook/cmake_prefix_path.sh'
[0.409s] Level 1:colcon.colcon_core.environment:checking '/home/lin/SX_RM_Navigation/Path_Navigation/install/map_cost_extend/lib'
[0.409s] Level 1:colcon.colcon_core.shell:create_environment_hook('map_cost_extend', 'ld_library_path_lib')
[0.409s] INFO:colcon.colcon_core.shell:Creating environment hook '/home/lin/SX_RM_Navigation/Path_Navigation/install/map_cost_extend/share/map_cost_extend/hook/ld_library_path_lib.ps1'
[0.409s] INFO:colcon.colcon_core.shell:Creating environment descriptor '/home/lin/SX_RM_Navigation/Path_Navigation/install/map_cost_extend/share/map_cost_extend/hook/ld_library_path_lib.dsv'
[0.409s] INFO:colcon.colcon_core.shell:Creating environment hook '/home/lin/SX_RM_Navigation/Path_Navigation/install/map_cost_extend/share/map_cost_extend/hook/ld_library_path_lib.sh'
[0.409s] Level 1:colcon.colcon_core.environment:checking '/home/lin/SX_RM_Navigation/Path_Navigation/install/map_cost_extend/bin'
[0.409s] Level 1:colcon.colcon_core.environment:checking '/home/lin/SX_RM_Navigation/Path_Navigation/install/map_cost_extend/lib/pkgconfig/map_cost_extend.pc'
[0.410s] Level 1:colcon.colcon_core.environment:checking '/home/lin/SX_RM_Navigation/Path_Navigation/install/map_cost_extend/lib/python3.10/site-packages'
[0.410s] Level 1:colcon.colcon_core.environment:checking '/home/lin/SX_RM_Navigation/Path_Navigation/install/map_cost_extend/bin'
[0.410s] INFO:colcon.colcon_core.shell:Creating package script '/home/lin/SX_RM_Navigation/Path_Navigation/install/map_cost_extend/share/map_cost_extend/package.ps1'
[0.410s] INFO:colcon.colcon_core.shell:Creating package descriptor '/home/lin/SX_RM_Navigation/Path_Navigation/install/map_cost_extend/share/map_cost_extend/package.dsv'
[0.410s] INFO:colcon.colcon_core.shell:Creating package script '/home/lin/SX_RM_Navigation/Path_Navigation/install/map_cost_extend/share/map_cost_extend/package.sh'
[0.411s] INFO:colcon.colcon_core.shell:Creating package script '/home/lin/SX_RM_Navigation/Path_Navigation/install/map_cost_extend/share/map_cost_extend/package.bash'
[0.411s] INFO:colcon.colcon_core.shell:Creating package script '/home/lin/SX_RM_Navigation/Path_Navigation/install/map_cost_extend/share/map_cost_extend/package.zsh'
[0.411s] Level 1:colcon.colcon_core.environment:create_file_with_runtime_dependencies(/home/lin/SX_RM_Navigation/Path_Navigation/install/map_cost_extend/share/colcon-core/packages/map_cost_extend)
[0.411s] Level 1:colcon.colcon_core.environment:create_environment_scripts_only(map_cost_extend)
[0.411s] Level 1:colcon.colcon_core.environment:checking '/home/lin/SX_RM_Navigation/Path_Navigation/install/map_cost_extend' for CMake module files
[0.411s] Level 1:colcon.colcon_core.environment:checking '/home/lin/SX_RM_Navigation/Path_Navigation/install/map_cost_extend' for CMake config files
[0.412s] Level 1:colcon.colcon_core.shell:create_environment_hook('map_cost_extend', 'cmake_prefix_path')
[0.412s] INFO:colcon.colcon_core.shell:Creating environment hook '/home/lin/SX_RM_Navigation/Path_Navigation/install/map_cost_extend/share/map_cost_extend/hook/cmake_prefix_path.ps1'
[0.412s] INFO:colcon.colcon_core.shell:Creating environment descriptor '/home/lin/SX_RM_Navigation/Path_Navigation/install/map_cost_extend/share/map_cost_extend/hook/cmake_prefix_path.dsv'
[0.412s] INFO:colcon.colcon_core.shell:Creating environment hook '/home/lin/SX_RM_Navigation/Path_Navigation/install/map_cost_extend/share/map_cost_extend/hook/cmake_prefix_path.sh'
[0.412s] Level 1:colcon.colcon_core.environment:checking '/home/lin/SX_RM_Navigation/Path_Navigation/install/map_cost_extend/lib'
[0.412s] Level 1:colcon.colcon_core.shell:create_environment_hook('map_cost_extend', 'ld_library_path_lib')
[0.412s] INFO:colcon.colcon_core.shell:Creating environment hook '/home/lin/SX_RM_Navigation/Path_Navigation/install/map_cost_extend/share/map_cost_extend/hook/ld_library_path_lib.ps1'
[0.412s] INFO:colcon.colcon_core.shell:Creating environment descriptor '/home/lin/SX_RM_Navigation/Path_Navigation/install/map_cost_extend/share/map_cost_extend/hook/ld_library_path_lib.dsv'
[0.413s] INFO:colcon.colcon_core.shell:Creating environment hook '/home/lin/SX_RM_Navigation/Path_Navigation/install/map_cost_extend/share/map_cost_extend/hook/ld_library_path_lib.sh'
[0.413s] Level 1:colcon.colcon_core.environment:checking '/home/lin/SX_RM_Navigation/Path_Navigation/install/map_cost_extend/bin'
[0.413s] Level 1:colcon.colcon_core.environment:checking '/home/lin/SX_RM_Navigation/Path_Navigation/install/map_cost_extend/lib/pkgconfig/map_cost_extend.pc'
[0.413s] Level 1:colcon.colcon_core.environment:checking '/home/lin/SX_RM_Navigation/Path_Navigation/install/map_cost_extend/lib/python3.10/site-packages'
[0.413s] Level 1:colcon.colcon_core.environment:checking '/home/lin/SX_RM_Navigation/Path_Navigation/install/map_cost_extend/bin'
[0.413s] INFO:colcon.colcon_core.shell:Creating package script '/home/lin/SX_RM_Navigation/Path_Navigation/install/map_cost_extend/share/map_cost_extend/package.ps1'
[0.413s] INFO:colcon.colcon_core.shell:Creating package descriptor '/home/lin/SX_RM_Navigation/Path_Navigation/install/map_cost_extend/share/map_cost_extend/package.dsv'
[0.414s] INFO:colcon.colcon_core.shell:Creating package script '/home/lin/SX_RM_Navigation/Path_Navigation/install/map_cost_extend/share/map_cost_extend/package.sh'
[0.414s] INFO:colcon.colcon_core.shell:Creating package script '/home/lin/SX_RM_Navigation/Path_Navigation/install/map_cost_extend/share/map_cost_extend/package.bash'
[0.414s] INFO:colcon.colcon_core.shell:Creating package script '/home/lin/SX_RM_Navigation/Path_Navigation/install/map_cost_extend/share/map_cost_extend/package.zsh'
[0.414s] Level 1:colcon.colcon_core.environment:create_file_with_runtime_dependencies(/home/lin/SX_RM_Navigation/Path_Navigation/install/map_cost_extend/share/colcon-core/packages/map_cost_extend)
[0.422s] DEBUG:colcon.colcon_core.event_handler.log_command:Invoked command in '/home/lin/SX_RM_Navigation/Path_Navigation/build/spin_conversion' returned '0': CMAKE_PREFIX_PATH=${CMAKE_PREFIX_PATH}:/opt/ros/humble /usr/bin/cmake --build /home/lin/SX_RM_Navigation/Path_Navigation/build/spin_conversion -- -j32 -l32
[0.423s] DEBUG:colcon.colcon_core.event_handler.log_command:Invoking command in '/home/lin/SX_RM_Navigation/Path_Navigation/build/spin_conversion': CMAKE_PREFIX_PATH=${CMAKE_PREFIX_PATH}:/opt/ros/humble /usr/bin/cmake --install /home/lin/SX_RM_Navigation/Path_Navigation/build/spin_conversion
[0.443s] DEBUG:colcon.colcon_core.event_handler.log_command:Invoked command in '/home/lin/SX_RM_Navigation/Path_Navigation/build/livox_ros_driver2' returned '0': CMAKE_PREFIX_PATH=${CMAKE_PREFIX_PATH}:/opt/ros/humble /usr/bin/cmake --build /home/lin/SX_RM_Navigation/Path_Navigation/build/livox_ros_driver2 -- -j32 -l32
[0.445s] DEBUG:colcon.colcon_core.event_handler.log_command:Invoking command in '/home/lin/SX_RM_Navigation/Path_Navigation/build/livox_ros_driver2': CMAKE_PREFIX_PATH=${CMAKE_PREFIX_PATH}:/opt/ros/humble /usr/bin/cmake --install /home/lin/SX_RM_Navigation/Path_Navigation/build/livox_ros_driver2
[0.458s] Level 1:colcon.colcon_core.environment:create_environment_scripts_only(spin_conversion)
[0.459s] Level 1:colcon.colcon_core.environment:checking '/home/lin/SX_RM_Navigation/Path_Navigation/install/spin_conversion' for CMake module files
[0.459s] DEBUG:colcon.colcon_core.event_handler.log_command:Invoked command in '/home/lin/SX_RM_Navigation/Path_Navigation/build/spin_conversion' returned '0': CMAKE_PREFIX_PATH=${CMAKE_PREFIX_PATH}:/opt/ros/humble /usr/bin/cmake --install /home/lin/SX_RM_Navigation/Path_Navigation/build/spin_conversion
[0.460s] Level 1:colcon.colcon_core.environment:checking '/home/lin/SX_RM_Navigation/Path_Navigation/install/spin_conversion' for CMake config files
[0.462s] Level 1:colcon.colcon_core.shell:create_environment_hook('spin_conversion', 'cmake_prefix_path')
[0.462s] INFO:colcon.colcon_core.shell:Creating environment hook '/home/lin/SX_RM_Navigation/Path_Navigation/install/spin_conversion/share/spin_conversion/hook/cmake_prefix_path.ps1'
[0.462s] INFO:colcon.colcon_core.shell:Creating environment descriptor '/home/lin/SX_RM_Navigation/Path_Navigation/install/spin_conversion/share/spin_conversion/hook/cmake_prefix_path.dsv'
[0.463s] INFO:colcon.colcon_core.shell:Creating environment hook '/home/lin/SX_RM_Navigation/Path_Navigation/install/spin_conversion/share/spin_conversion/hook/cmake_prefix_path.sh'
[0.463s] Level 1:colcon.colcon_core.environment:checking '/home/lin/SX_RM_Navigation/Path_Navigation/install/spin_conversion/lib'
[0.463s] Level 1:colcon.colcon_core.shell:create_environment_hook('spin_conversion', 'ld_library_path_lib')
[0.463s] INFO:colcon.colcon_core.shell:Creating environment hook '/home/lin/SX_RM_Navigation/Path_Navigation/install/spin_conversion/share/spin_conversion/hook/ld_library_path_lib.ps1'
[0.464s] INFO:colcon.colcon_core.shell:Creating environment descriptor '/home/lin/SX_RM_Navigation/Path_Navigation/install/spin_conversion/share/spin_conversion/hook/ld_library_path_lib.dsv'
[0.464s] INFO:colcon.colcon_core.shell:Creating environment hook '/home/lin/SX_RM_Navigation/Path_Navigation/install/spin_conversion/share/spin_conversion/hook/ld_library_path_lib.sh'
[0.464s] Level 1:colcon.colcon_core.environment:checking '/home/lin/SX_RM_Navigation/Path_Navigation/install/spin_conversion/bin'
[0.464s] Level 1:colcon.colcon_core.environment:checking '/home/lin/SX_RM_Navigation/Path_Navigation/install/spin_conversion/lib/pkgconfig/spin_conversion.pc'
[0.464s] Level 1:colcon.colcon_core.environment:checking '/home/lin/SX_RM_Navigation/Path_Navigation/install/spin_conversion/lib/python3.10/site-packages'
[0.465s] Level 1:colcon.colcon_core.environment:checking '/home/lin/SX_RM_Navigation/Path_Navigation/install/spin_conversion/bin'
[0.465s] INFO:colcon.colcon_core.shell:Creating package script '/home/lin/SX_RM_Navigation/Path_Navigation/install/spin_conversion/share/spin_conversion/package.ps1'
[0.465s] INFO:colcon.colcon_core.shell:Creating package descriptor '/home/lin/SX_RM_Navigation/Path_Navigation/install/spin_conversion/share/spin_conversion/package.dsv'
[0.466s] INFO:colcon.colcon_core.shell:Creating package script '/home/lin/SX_RM_Navigation/Path_Navigation/install/spin_conversion/share/spin_conversion/package.sh'
[0.466s] INFO:colcon.colcon_core.shell:Creating package script '/home/lin/SX_RM_Navigation/Path_Navigation/install/spin_conversion/share/spin_conversion/package.bash'
[0.466s] INFO:colcon.colcon_core.shell:Creating package script '/home/lin/SX_RM_Navigation/Path_Navigation/install/spin_conversion/share/spin_conversion/package.zsh'
[0.467s] Level 1:colcon.colcon_core.environment:create_file_with_runtime_dependencies(/home/lin/SX_RM_Navigation/Path_Navigation/install/spin_conversion/share/colcon-core/packages/spin_conversion)
[0.467s] Level 1:colcon.colcon_core.environment:create_environment_scripts_only(spin_conversion)
[0.467s] Level 1:colcon.colcon_core.environment:checking '/home/lin/SX_RM_Navigation/Path_Navigation/install/spin_conversion' for CMake module files
[0.468s] Level 1:colcon.colcon_core.environment:checking '/home/lin/SX_RM_Navigation/Path_Navigation/install/spin_conversion' for CMake config files
[0.468s] Level 1:colcon.colcon_core.shell:create_environment_hook('spin_conversion', 'cmake_prefix_path')
[0.468s] INFO:colcon.colcon_core.shell:Creating environment hook '/home/lin/SX_RM_Navigation/Path_Navigation/install/spin_conversion/share/spin_conversion/hook/cmake_prefix_path.ps1'
[0.469s] INFO:colcon.colcon_core.shell:Creating environment descriptor '/home/lin/SX_RM_Navigation/Path_Navigation/install/spin_conversion/share/spin_conversion/hook/cmake_prefix_path.dsv'
[0.469s] INFO:colcon.colcon_core.shell:Creating environment hook '/home/lin/SX_RM_Navigation/Path_Navigation/install/spin_conversion/share/spin_conversion/hook/cmake_prefix_path.sh'
[0.469s] Level 1:colcon.colcon_core.environment:checking '/home/lin/SX_RM_Navigation/Path_Navigation/install/spin_conversion/lib'
[0.469s] Level 1:colcon.colcon_core.shell:create_environment_hook('spin_conversion', 'ld_library_path_lib')
[0.470s] INFO:colcon.colcon_core.shell:Creating environment hook '/home/lin/SX_RM_Navigation/Path_Navigation/install/spin_conversion/share/spin_conversion/hook/ld_library_path_lib.ps1'
[0.470s] INFO:colcon.colcon_core.shell:Creating environment descriptor '/home/lin/SX_RM_Navigation/Path_Navigation/install/spin_conversion/share/spin_conversion/hook/ld_library_path_lib.dsv'
[0.470s] INFO:colcon.colcon_core.shell:Creating environment hook '/home/lin/SX_RM_Navigation/Path_Navigation/install/spin_conversion/share/spin_conversion/hook/ld_library_path_lib.sh'
[0.471s] Level 1:colcon.colcon_core.environment:checking '/home/lin/SX_RM_Navigation/Path_Navigation/install/spin_conversion/bin'
[0.471s] Level 1:colcon.colcon_core.environment:checking '/home/lin/SX_RM_Navigation/Path_Navigation/install/spin_conversion/lib/pkgconfig/spin_conversion.pc'
[0.471s] Level 1:colcon.colcon_core.environment:checking '/home/lin/SX_RM_Navigation/Path_Navigation/install/spin_conversion/lib/python3.10/site-packages'
[0.471s] Level 1:colcon.colcon_core.environment:checking '/home/lin/SX_RM_Navigation/Path_Navigation/install/spin_conversion/bin'
[0.471s] INFO:colcon.colcon_core.shell:Creating package script '/home/lin/SX_RM_Navigation/Path_Navigation/install/spin_conversion/share/spin_conversion/package.ps1'
[0.472s] INFO:colcon.colcon_core.shell:Creating package descriptor '/home/lin/SX_RM_Navigation/Path_Navigation/install/spin_conversion/share/spin_conversion/package.dsv'
[0.472s] INFO:colcon.colcon_core.shell:Creating package script '/home/lin/SX_RM_Navigation/Path_Navigation/install/spin_conversion/share/spin_conversion/package.sh'
[0.473s] INFO:colcon.colcon_core.shell:Creating package script '/home/lin/SX_RM_Navigation/Path_Navigation/install/spin_conversion/share/spin_conversion/package.bash'
[0.473s] INFO:colcon.colcon_core.shell:Creating package script '/home/lin/SX_RM_Navigation/Path_Navigation/install/spin_conversion/share/spin_conversion/package.zsh'
[0.473s] Level 1:colcon.colcon_core.environment:create_file_with_runtime_dependencies(/home/lin/SX_RM_Navigation/Path_Navigation/install/spin_conversion/share/colcon-core/packages/spin_conversion)
[0.484s] Level 1:colcon.colcon_core.environment:create_environment_scripts_only(livox_ros_driver2)
[0.484s] Level 1:colcon.colcon_core.environment:checking '/home/lin/SX_RM_Navigation/Path_Navigation/install/livox_ros_driver2' for CMake module files
[0.485s] DEBUG:colcon.colcon_core.event_handler.log_command:Invoked command in '/home/lin/SX_RM_Navigation/Path_Navigation/build/livox_ros_driver2' returned '0': CMAKE_PREFIX_PATH=${CMAKE_PREFIX_PATH}:/opt/ros/humble /usr/bin/cmake --install /home/lin/SX_RM_Navigation/Path_Navigation/build/livox_ros_driver2
[0.485s] Level 1:colcon.colcon_core.environment:checking '/home/lin/SX_RM_Navigation/Path_Navigation/install/livox_ros_driver2' for CMake config files
[0.486s] Level 1:colcon.colcon_core.shell:create_environment_hook('livox_ros_driver2', 'cmake_prefix_path')
[0.486s] INFO:colcon.colcon_core.shell:Creating environment hook '/home/lin/SX_RM_Navigation/Path_Navigation/install/livox_ros_driver2/share/livox_ros_driver2/hook/cmake_prefix_path.ps1'
[0.487s] INFO:colcon.colcon_core.shell:Creating environment descriptor '/home/lin/SX_RM_Navigation/Path_Navigation/install/livox_ros_driver2/share/livox_ros_driver2/hook/cmake_prefix_path.dsv'
[0.487s] INFO:colcon.colcon_core.shell:Creating environment hook '/home/lin/SX_RM_Navigation/Path_Navigation/install/livox_ros_driver2/share/livox_ros_driver2/hook/cmake_prefix_path.sh'
[0.487s] Level 1:colcon.colcon_core.environment:checking '/home/lin/SX_RM_Navigation/Path_Navigation/install/livox_ros_driver2/lib'
[0.487s] Level 1:colcon.colcon_core.shell:create_environment_hook('livox_ros_driver2', 'ld_library_path_lib')
[0.487s] INFO:colcon.colcon_core.shell:Creating environment hook '/home/lin/SX_RM_Navigation/Path_Navigation/install/livox_ros_driver2/share/livox_ros_driver2/hook/ld_library_path_lib.ps1'
[0.488s] INFO:colcon.colcon_core.shell:Creating environment descriptor '/home/lin/SX_RM_Navigation/Path_Navigation/install/livox_ros_driver2/share/livox_ros_driver2/hook/ld_library_path_lib.dsv'
[0.488s] INFO:colcon.colcon_core.shell:Creating environment hook '/home/lin/SX_RM_Navigation/Path_Navigation/install/livox_ros_driver2/share/livox_ros_driver2/hook/ld_library_path_lib.sh'
[0.488s] Level 1:colcon.colcon_core.environment:checking '/home/lin/SX_RM_Navigation/Path_Navigation/install/livox_ros_driver2/bin'
[0.488s] Level 1:colcon.colcon_core.environment:checking '/home/lin/SX_RM_Navigation/Path_Navigation/install/livox_ros_driver2/lib/pkgconfig/livox_ros_driver2.pc'
[0.489s] Level 1:colcon.colcon_core.environment:checking '/home/lin/SX_RM_Navigation/Path_Navigation/install/livox_ros_driver2/lib/python3.10/site-packages'
[0.489s] Level 1:colcon.colcon_core.environment:checking '/home/lin/SX_RM_Navigation/Path_Navigation/install/livox_ros_driver2/bin'
[0.489s] INFO:colcon.colcon_core.shell:Creating package script '/home/lin/SX_RM_Navigation/Path_Navigation/install/livox_ros_driver2/share/livox_ros_driver2/package.ps1'
[0.489s] INFO:colcon.colcon_core.shell:Creating package descriptor '/home/lin/SX_RM_Navigation/Path_Navigation/install/livox_ros_driver2/share/livox_ros_driver2/package.dsv'
[0.490s] INFO:colcon.colcon_core.shell:Creating package script '/home/lin/SX_RM_Navigation/Path_Navigation/install/livox_ros_driver2/share/livox_ros_driver2/package.sh'
[0.490s] INFO:colcon.colcon_core.shell:Creating package script '/home/lin/SX_RM_Navigation/Path_Navigation/install/livox_ros_driver2/share/livox_ros_driver2/package.bash'
[0.490s] INFO:colcon.colcon_core.shell:Creating package script '/home/lin/SX_RM_Navigation/Path_Navigation/install/livox_ros_driver2/share/livox_ros_driver2/package.zsh'
[0.491s] Level 1:colcon.colcon_core.environment:create_file_with_runtime_dependencies(/home/lin/SX_RM_Navigation/Path_Navigation/install/livox_ros_driver2/share/colcon-core/packages/livox_ros_driver2)
[0.491s] Level 1:colcon.colcon_core.environment:create_environment_scripts_only(livox_ros_driver2)
[0.491s] Level 1:colcon.colcon_core.environment:checking '/home/lin/SX_RM_Navigation/Path_Navigation/install/livox_ros_driver2' for CMake module files
[0.491s] Level 1:colcon.colcon_core.environment:checking '/home/lin/SX_RM_Navigation/Path_Navigation/install/livox_ros_driver2' for CMake config files
[0.492s] Level 1:colcon.colcon_core.shell:create_environment_hook('livox_ros_driver2', 'cmake_prefix_path')
[0.492s] INFO:colcon.colcon_core.shell:Creating environment hook '/home/lin/SX_RM_Navigation/Path_Navigation/install/livox_ros_driver2/share/livox_ros_driver2/hook/cmake_prefix_path.ps1'
[0.492s] INFO:colcon.colcon_core.shell:Creating environment descriptor '/home/lin/SX_RM_Navigation/Path_Navigation/install/livox_ros_driver2/share/livox_ros_driver2/hook/cmake_prefix_path.dsv'
[0.492s] INFO:colcon.colcon_core.shell:Creating environment hook '/home/lin/SX_RM_Navigation/Path_Navigation/install/livox_ros_driver2/share/livox_ros_driver2/hook/cmake_prefix_path.sh'
[0.492s] Level 1:colcon.colcon_core.environment:checking '/home/lin/SX_RM_Navigation/Path_Navigation/install/livox_ros_driver2/lib'
[0.492s] Level 1:colcon.colcon_core.shell:create_environment_hook('livox_ros_driver2', 'ld_library_path_lib')
[0.492s] INFO:colcon.colcon_core.shell:Creating environment hook '/home/lin/SX_RM_Navigation/Path_Navigation/install/livox_ros_driver2/share/livox_ros_driver2/hook/ld_library_path_lib.ps1'
[0.493s] INFO:colcon.colcon_core.shell:Creating environment descriptor '/home/lin/SX_RM_Navigation/Path_Navigation/install/livox_ros_driver2/share/livox_ros_driver2/hook/ld_library_path_lib.dsv'
[0.493s] INFO:colcon.colcon_core.shell:Creating environment hook '/home/lin/SX_RM_Navigation/Path_Navigation/install/livox_ros_driver2/share/livox_ros_driver2/hook/ld_library_path_lib.sh'
[0.493s] Level 1:colcon.colcon_core.environment:checking '/home/lin/SX_RM_Navigation/Path_Navigation/install/livox_ros_driver2/bin'
[0.493s] Level 1:colcon.colcon_core.environment:checking '/home/lin/SX_RM_Navigation/Path_Navigation/install/livox_ros_driver2/lib/pkgconfig/livox_ros_driver2.pc'
[0.493s] Level 1:colcon.colcon_core.environment:checking '/home/lin/SX_RM_Navigation/Path_Navigation/install/livox_ros_driver2/lib/python3.10/site-packages'
[0.493s] Level 1:colcon.colcon_core.environment:checking '/home/lin/SX_RM_Navigation/Path_Navigation/install/livox_ros_driver2/bin'
[0.493s] INFO:colcon.colcon_core.shell:Creating package script '/home/lin/SX_RM_Navigation/Path_Navigation/install/livox_ros_driver2/share/livox_ros_driver2/package.ps1'
[0.493s] INFO:colcon.colcon_core.shell:Creating package descriptor '/home/lin/SX_RM_Navigation/Path_Navigation/install/livox_ros_driver2/share/livox_ros_driver2/package.dsv'
[0.494s] INFO:colcon.colcon_core.shell:Creating package script '/home/lin/SX_RM_Navigation/Path_Navigation/install/livox_ros_driver2/share/livox_ros_driver2/package.sh'
[0.494s] INFO:colcon.colcon_core.shell:Creating package script '/home/lin/SX_RM_Navigation/Path_Navigation/install/livox_ros_driver2/share/livox_ros_driver2/package.bash'
[0.494s] INFO:colcon.colcon_core.shell:Creating package script '/home/lin/SX_RM_Navigation/Path_Navigation/install/livox_ros_driver2/share/livox_ros_driver2/package.zsh'
[0.494s] Level 1:colcon.colcon_core.environment:create_file_with_runtime_dependencies(/home/lin/SX_RM_Navigation/Path_Navigation/install/livox_ros_driver2/share/colcon-core/packages/livox_ros_driver2)
[0.494s] INFO:colcon.colcon_ros.task.ament_cmake.build:Building ROS package in '/home/lin/SX_RM_Navigation/Path_Navigation/src/point_lio' with build type 'ament_cmake'
[0.494s] INFO:colcon.colcon_cmake.task.cmake.build:Building CMake package in '/home/lin/SX_RM_Navigation/Path_Navigation/src/point_lio'
[0.494s] INFO:colcon.colcon_core.shell:Skip shell extension 'powershell' for command environment: Not usable outside of PowerShell
[0.494s] DEBUG:colcon.colcon_core.shell:Skip shell extension 'dsv' for command environment
[0.502s] DEBUG:colcon.colcon_core.event_handler.log_command:Invoking command in '/home/lin/SX_RM_Navigation/Path_Navigation/build/point_lio': CMAKE_PREFIX_PATH=/home/lin/SX_RM_Navigation/Path_Navigation/install/livox_ros_driver2:/home/lin/SX_RM_Navigation/Path_Navigation/install/nav_bringup:/home/lin/SX_RM_Navigation/Path_Navigation/install/terrain_analysis_ext:/home/lin/SX_RM_Navigation/Path_Navigation/install/terrain_analysis:/home/lin/SX_RM_Navigation/Path_Navigation/install/spin_conversion:/home/lin/SX_RM_Navigation/Path_Navigation/install/small_gicp_relocalization:/home/lin/SX_RM_Navigation/Path_Navigation/install/sensor_scan_generation:/home/lin/SX_RM_Navigation/Path_Navigation/install/robot_description:/home/lin/SX_RM_Navigation/Path_Navigation/install/pointcloud_to_laserscan:/home/lin/SX_RM_Navigation/Path_Navigation/install/point_lio:/home/lin/SX_RM_Navigation/Path_Navigation/install/path_tracking_controller:/home/lin/SX_RM_Navigation/Path_Navigation/install/map_cost_extend:/home/lin/SX_RM_Navigation/Path_Navigation/install/loam_interface:/home/lin/SX_RM_Navigation/Path_Navigation/install/ign_sim_pointcloud_tool:/opt/ros/humble LD_LIBRARY_PATH=/home/lin/SX_RM_Navigation/Path_Navigation/install/livox_ros_driver2/lib:/home/lin/SX_RM_Navigation/Path_Navigation/install/spin_conversion/lib:/home/lin/SX_RM_Navigation/Path_Navigation/install/small_gicp_relocalization/lib:/home/lin/SX_RM_Navigation/Path_Navigation/install/sensor_scan_generation/lib:/home/lin/SX_RM_Navigation/Path_Navigation/install/pointcloud_to_laserscan/lib:/home/lin/SX_RM_Navigation/Path_Navigation/install/path_tracking_controller/lib:/home/lin/SX_RM_Navigation/Path_Navigation/install/map_cost_extend/lib:/home/lin/SX_RM_Navigation/Path_Navigation/install/loam_interface/lib:/home/lin/SX_RM_Navigation/Path_Navigation/install/ign_sim_pointcloud_tool/lib:/opt/ros/humble/opt/rviz_ogre_vendor/lib:/opt/ros/humble/lib/x86_64-linux-gnu:/opt/ros/humble/lib /usr/bin/cmake --build /home/lin/SX_RM_Navigation/Path_Navigation/build/point_lio -- -j32 -l32
[0.569s] DEBUG:colcon.colcon_core.event_handler.log_command:Invoked command in '/home/lin/SX_RM_Navigation/Path_Navigation/build/point_lio' returned '0': CMAKE_PREFIX_PATH=/home/lin/SX_RM_Navigation/Path_Navigation/install/livox_ros_driver2:/home/lin/SX_RM_Navigation/Path_Navigation/install/nav_bringup:/home/lin/SX_RM_Navigation/Path_Navigation/install/terrain_analysis_ext:/home/lin/SX_RM_Navigation/Path_Navigation/install/terrain_analysis:/home/lin/SX_RM_Navigation/Path_Navigation/install/spin_conversion:/home/lin/SX_RM_Navigation/Path_Navigation/install/small_gicp_relocalization:/home/lin/SX_RM_Navigation/Path_Navigation/install/sensor_scan_generation:/home/lin/SX_RM_Navigation/Path_Navigation/install/robot_description:/home/lin/SX_RM_Navigation/Path_Navigation/install/pointcloud_to_laserscan:/home/lin/SX_RM_Navigation/Path_Navigation/install/point_lio:/home/lin/SX_RM_Navigation/Path_Navigation/install/path_tracking_controller:/home/lin/SX_RM_Navigation/Path_Navigation/install/map_cost_extend:/home/lin/SX_RM_Navigation/Path_Navigation/install/loam_interface:/home/lin/SX_RM_Navigation/Path_Navigation/install/ign_sim_pointcloud_tool:/opt/ros/humble LD_LIBRARY_PATH=/home/lin/SX_RM_Navigation/Path_Navigation/install/livox_ros_driver2/lib:/home/lin/SX_RM_Navigation/Path_Navigation/install/spin_conversion/lib:/home/lin/SX_RM_Navigation/Path_Navigation/install/small_gicp_relocalization/lib:/home/lin/SX_RM_Navigation/Path_Navigation/install/sensor_scan_generation/lib:/home/lin/SX_RM_Navigation/Path_Navigation/install/pointcloud_to_laserscan/lib:/home/lin/SX_RM_Navigation/Path_Navigation/install/path_tracking_controller/lib:/home/lin/SX_RM_Navigation/Path_Navigation/install/map_cost_extend/lib:/home/lin/SX_RM_Navigation/Path_Navigation/install/loam_interface/lib:/home/lin/SX_RM_Navigation/Path_Navigation/install/ign_sim_pointcloud_tool/lib:/opt/ros/humble/opt/rviz_ogre_vendor/lib:/opt/ros/humble/lib/x86_64-linux-gnu:/opt/ros/humble/lib /usr/bin/cmake --build /home/lin/SX_RM_Navigation/Path_Navigation/build/point_lio -- -j32 -l32
[0.570s] DEBUG:colcon.colcon_core.event_handler.log_command:Invoking command in '/home/lin/SX_RM_Navigation/Path_Navigation/build/point_lio': CMAKE_PREFIX_PATH=/home/lin/SX_RM_Navigation/Path_Navigation/install/livox_ros_driver2:/home/lin/SX_RM_Navigation/Path_Navigation/install/nav_bringup:/home/lin/SX_RM_Navigation/Path_Navigation/install/terrain_analysis_ext:/home/lin/SX_RM_Navigation/Path_Navigation/install/terrain_analysis:/home/lin/SX_RM_Navigation/Path_Navigation/install/spin_conversion:/home/lin/SX_RM_Navigation/Path_Navigation/install/small_gicp_relocalization:/home/lin/SX_RM_Navigation/Path_Navigation/install/sensor_scan_generation:/home/lin/SX_RM_Navigation/Path_Navigation/install/robot_description:/home/lin/SX_RM_Navigation/Path_Navigation/install/pointcloud_to_laserscan:/home/lin/SX_RM_Navigation/Path_Navigation/install/point_lio:/home/lin/SX_RM_Navigation/Path_Navigation/install/path_tracking_controller:/home/lin/SX_RM_Navigation/Path_Navigation/install/map_cost_extend:/home/lin/SX_RM_Navigation/Path_Navigation/install/loam_interface:/home/lin/SX_RM_Navigation/Path_Navigation/install/ign_sim_pointcloud_tool:/opt/ros/humble LD_LIBRARY_PATH=/home/lin/SX_RM_Navigation/Path_Navigation/install/livox_ros_driver2/lib:/home/lin/SX_RM_Navigation/Path_Navigation/install/spin_conversion/lib:/home/lin/SX_RM_Navigation/Path_Navigation/install/small_gicp_relocalization/lib:/home/lin/SX_RM_Navigation/Path_Navigation/install/sensor_scan_generation/lib:/home/lin/SX_RM_Navigation/Path_Navigation/install/pointcloud_to_laserscan/lib:/home/lin/SX_RM_Navigation/Path_Navigation/install/path_tracking_controller/lib:/home/lin/SX_RM_Navigation/Path_Navigation/install/map_cost_extend/lib:/home/lin/SX_RM_Navigation/Path_Navigation/install/loam_interface/lib:/home/lin/SX_RM_Navigation/Path_Navigation/install/ign_sim_pointcloud_tool/lib:/opt/ros/humble/opt/rviz_ogre_vendor/lib:/opt/ros/humble/lib/x86_64-linux-gnu:/opt/ros/humble/lib /usr/bin/cmake --install /home/lin/SX_RM_Navigation/Path_Navigation/build/point_lio
[0.583s] Level 1:colcon.colcon_core.environment:create_environment_scripts_only(point_lio)
[0.584s] Level 1:colcon.colcon_core.environment:checking '/home/lin/SX_RM_Navigation/Path_Navigation/install/point_lio' for CMake module files
[0.584s] DEBUG:colcon.colcon_core.event_handler.log_command:Invoked command in '/home/lin/SX_RM_Navigation/Path_Navigation/build/point_lio' returned '0': CMAKE_PREFIX_PATH=/home/lin/SX_RM_Navigation/Path_Navigation/install/livox_ros_driver2:/home/lin/SX_RM_Navigation/Path_Navigation/install/nav_bringup:/home/lin/SX_RM_Navigation/Path_Navigation/install/terrain_analysis_ext:/home/lin/SX_RM_Navigation/Path_Navigation/install/terrain_analysis:/home/lin/SX_RM_Navigation/Path_Navigation/install/spin_conversion:/home/lin/SX_RM_Navigation/Path_Navigation/install/small_gicp_relocalization:/home/lin/SX_RM_Navigation/Path_Navigation/install/sensor_scan_generation:/home/lin/SX_RM_Navigation/Path_Navigation/install/robot_description:/home/lin/SX_RM_Navigation/Path_Navigation/install/pointcloud_to_laserscan:/home/lin/SX_RM_Navigation/Path_Navigation/install/point_lio:/home/lin/SX_RM_Navigation/Path_Navigation/install/path_tracking_controller:/home/lin/SX_RM_Navigation/Path_Navigation/install/map_cost_extend:/home/lin/SX_RM_Navigation/Path_Navigation/install/loam_interface:/home/lin/SX_RM_Navigation/Path_Navigation/install/ign_sim_pointcloud_tool:/opt/ros/humble LD_LIBRARY_PATH=/home/lin/SX_RM_Navigation/Path_Navigation/install/livox_ros_driver2/lib:/home/lin/SX_RM_Navigation/Path_Navigation/install/spin_conversion/lib:/home/lin/SX_RM_Navigation/Path_Navigation/install/small_gicp_relocalization/lib:/home/lin/SX_RM_Navigation/Path_Navigation/install/sensor_scan_generation/lib:/home/lin/SX_RM_Navigation/Path_Navigation/install/pointcloud_to_laserscan/lib:/home/lin/SX_RM_Navigation/Path_Navigation/install/path_tracking_controller/lib:/home/lin/SX_RM_Navigation/Path_Navigation/install/map_cost_extend/lib:/home/lin/SX_RM_Navigation/Path_Navigation/install/loam_interface/lib:/home/lin/SX_RM_Navigation/Path_Navigation/install/ign_sim_pointcloud_tool/lib:/opt/ros/humble/opt/rviz_ogre_vendor/lib:/opt/ros/humble/lib/x86_64-linux-gnu:/opt/ros/humble/lib /usr/bin/cmake --install /home/lin/SX_RM_Navigation/Path_Navigation/build/point_lio
[0.584s] Level 1:colcon.colcon_core.environment:checking '/home/lin/SX_RM_Navigation/Path_Navigation/install/point_lio' for CMake config files
[0.584s] Level 1:colcon.colcon_core.shell:create_environment_hook('point_lio', 'cmake_prefix_path')
[0.584s] INFO:colcon.colcon_core.shell:Creating environment hook '/home/lin/SX_RM_Navigation/Path_Navigation/install/point_lio/share/point_lio/hook/cmake_prefix_path.ps1'
[0.585s] INFO:colcon.colcon_core.shell:Creating environment descriptor '/home/lin/SX_RM_Navigation/Path_Navigation/install/point_lio/share/point_lio/hook/cmake_prefix_path.dsv'
[0.585s] INFO:colcon.colcon_core.shell:Creating environment hook '/home/lin/SX_RM_Navigation/Path_Navigation/install/point_lio/share/point_lio/hook/cmake_prefix_path.sh'
[0.585s] Level 1:colcon.colcon_core.environment:checking '/home/lin/SX_RM_Navigation/Path_Navigation/install/point_lio/lib'
[0.585s] Level 1:colcon.colcon_core.environment:checking '/home/lin/SX_RM_Navigation/Path_Navigation/install/point_lio/bin'
[0.585s] Level 1:colcon.colcon_core.environment:checking '/home/lin/SX_RM_Navigation/Path_Navigation/install/point_lio/lib/pkgconfig/point_lio.pc'
[0.585s] Level 1:colcon.colcon_core.environment:checking '/home/lin/SX_RM_Navigation/Path_Navigation/install/point_lio/lib/python3.10/site-packages'
[0.585s] Level 1:colcon.colcon_core.environment:checking '/home/lin/SX_RM_Navigation/Path_Navigation/install/point_lio/bin'
[0.585s] INFO:colcon.colcon_core.shell:Creating package script '/home/lin/SX_RM_Navigation/Path_Navigation/install/point_lio/share/point_lio/package.ps1'
[0.586s] INFO:colcon.colcon_core.shell:Creating package descriptor '/home/lin/SX_RM_Navigation/Path_Navigation/install/point_lio/share/point_lio/package.dsv'
[0.586s] INFO:colcon.colcon_core.shell:Creating package script '/home/lin/SX_RM_Navigation/Path_Navigation/install/point_lio/share/point_lio/package.sh'
[0.586s] INFO:colcon.colcon_core.shell:Creating package script '/home/lin/SX_RM_Navigation/Path_Navigation/install/point_lio/share/point_lio/package.bash'
[0.586s] INFO:colcon.colcon_core.shell:Creating package script '/home/lin/SX_RM_Navigation/Path_Navigation/install/point_lio/share/point_lio/package.zsh'
[0.586s] Level 1:colcon.colcon_core.environment:create_file_with_runtime_dependencies(/home/lin/SX_RM_Navigation/Path_Navigation/install/point_lio/share/colcon-core/packages/point_lio)
[0.586s] Level 1:colcon.colcon_core.environment:create_environment_scripts_only(point_lio)
[0.587s] Level 1:colcon.colcon_core.environment:checking '/home/lin/SX_RM_Navigation/Path_Navigation/install/point_lio' for CMake module files
[0.587s] Level 1:colcon.colcon_core.environment:checking '/home/lin/SX_RM_Navigation/Path_Navigation/install/point_lio' for CMake config files
[0.587s] Level 1:colcon.colcon_core.shell:create_environment_hook('point_lio', 'cmake_prefix_path')
[0.587s] INFO:colcon.colcon_core.shell:Creating environment hook '/home/lin/SX_RM_Navigation/Path_Navigation/install/point_lio/share/point_lio/hook/cmake_prefix_path.ps1'
[0.587s] INFO:colcon.colcon_core.shell:Creating environment descriptor '/home/lin/SX_RM_Navigation/Path_Navigation/install/point_lio/share/point_lio/hook/cmake_prefix_path.dsv'
[0.587s] INFO:colcon.colcon_core.shell:Creating environment hook '/home/lin/SX_RM_Navigation/Path_Navigation/install/point_lio/share/point_lio/hook/cmake_prefix_path.sh'
[0.587s] Level 1:colcon.colcon_core.environment:checking '/home/lin/SX_RM_Navigation/Path_Navigation/install/point_lio/lib'
[0.587s] Level 1:colcon.colcon_core.environment:checking '/home/lin/SX_RM_Navigation/Path_Navigation/install/point_lio/bin'
[0.587s] Level 1:colcon.colcon_core.environment:checking '/home/lin/SX_RM_Navigation/Path_Navigation/install/point_lio/lib/pkgconfig/point_lio.pc'
[0.588s] Level 1:colcon.colcon_core.environment:checking '/home/lin/SX_RM_Navigation/Path_Navigation/install/point_lio/lib/python3.10/site-packages'
[0.588s] Level 1:colcon.colcon_core.environment:checking '/home/lin/SX_RM_Navigation/Path_Navigation/install/point_lio/bin'
[0.588s] INFO:colcon.colcon_core.shell:Creating package script '/home/lin/SX_RM_Navigation/Path_Navigation/install/point_lio/share/point_lio/package.ps1'
[0.588s] INFO:colcon.colcon_core.shell:Creating package descriptor '/home/lin/SX_RM_Navigation/Path_Navigation/install/point_lio/share/point_lio/package.dsv'
[0.588s] INFO:colcon.colcon_core.shell:Creating package script '/home/lin/SX_RM_Navigation/Path_Navigation/install/point_lio/share/point_lio/package.sh'
[0.588s] INFO:colcon.colcon_core.shell:Creating package script '/home/lin/SX_RM_Navigation/Path_Navigation/install/point_lio/share/point_lio/package.bash'
[0.589s] INFO:colcon.colcon_core.shell:Creating package script '/home/lin/SX_RM_Navigation/Path_Navigation/install/point_lio/share/point_lio/package.zsh'
[0.589s] Level 1:colcon.colcon_core.environment:create_file_with_runtime_dependencies(/home/lin/SX_RM_Navigation/Path_Navigation/install/point_lio/share/colcon-core/packages/point_lio)
[0.589s] INFO:colcon.colcon_ros.task.ament_cmake.build:Building ROS package in '/home/lin/SX_RM_Navigation/Path_Navigation/src/nav_bringup' with build type 'ament_cmake'
[0.589s] INFO:colcon.colcon_cmake.task.cmake.build:Building CMake package in '/home/lin/SX_RM_Navigation/Path_Navigation/src/nav_bringup'
[0.589s] INFO:colcon.colcon_core.shell:Skip shell extension 'powershell' for command environment: Not usable outside of PowerShell
[0.589s] DEBUG:colcon.colcon_core.shell:Skip shell extension 'dsv' for command environment
[0.605s] DEBUG:colcon.colcon_core.event_handler.log_command:Invoking command in '/home/lin/SX_RM_Navigation/Path_Navigation/build/nav_bringup': CMAKE_PREFIX_PATH=/home/lin/SX_RM_Navigation/Path_Navigation/install/point_lio:/home/lin/SX_RM_Navigation/Path_Navigation/install/terrain_analysis_ext:/home/lin/SX_RM_Navigation/Path_Navigation/install/terrain_analysis:/home/lin/SX_RM_Navigation/Path_Navigation/install/small_gicp_relocalization:/home/lin/SX_RM_Navigation/Path_Navigation/install/pointcloud_to_laserscan:/home/lin/SX_RM_Navigation/Path_Navigation/install/path_tracking_controller:/home/lin/SX_RM_Navigation/Path_Navigation/install/livox_ros_driver2:/home/lin/SX_RM_Navigation/Path_Navigation/install/nav_bringup:/home/lin/SX_RM_Navigation/Path_Navigation/install/spin_conversion:/home/lin/SX_RM_Navigation/Path_Navigation/install/sensor_scan_generation:/home/lin/SX_RM_Navigation/Path_Navigation/install/robot_description:/home/lin/SX_RM_Navigation/Path_Navigation/install/map_cost_extend:/home/lin/SX_RM_Navigation/Path_Navigation/install/loam_interface:/home/lin/SX_RM_Navigation/Path_Navigation/install/ign_sim_pointcloud_tool:/opt/ros/humble LD_LIBRARY_PATH=/home/lin/SX_RM_Navigation/Path_Navigation/install/small_gicp_relocalization/lib:/home/lin/SX_RM_Navigation/Path_Navigation/install/pointcloud_to_laserscan/lib:/home/lin/SX_RM_Navigation/Path_Navigation/install/path_tracking_controller/lib:/home/lin/SX_RM_Navigation/Path_Navigation/install/livox_ros_driver2/lib:/home/lin/SX_RM_Navigation/Path_Navigation/install/spin_conversion/lib:/home/lin/SX_RM_Navigation/Path_Navigation/install/sensor_scan_generation/lib:/home/lin/SX_RM_Navigation/Path_Navigation/install/map_cost_extend/lib:/home/lin/SX_RM_Navigation/Path_Navigation/install/loam_interface/lib:/home/lin/SX_RM_Navigation/Path_Navigation/install/ign_sim_pointcloud_tool/lib:/opt/ros/humble/opt/rviz_ogre_vendor/lib:/opt/ros/humble/lib/x86_64-linux-gnu:/opt/ros/humble/lib /usr/bin/cmake --build /home/lin/SX_RM_Navigation/Path_Navigation/build/nav_bringup -- -j32 -l32
[0.633s] DEBUG:colcon.colcon_core.event_handler.log_command:Invoked command in '/home/lin/SX_RM_Navigation/Path_Navigation/build/nav_bringup' returned '0': CMAKE_PREFIX_PATH=/home/lin/SX_RM_Navigation/Path_Navigation/install/point_lio:/home/lin/SX_RM_Navigation/Path_Navigation/install/terrain_analysis_ext:/home/lin/SX_RM_Navigation/Path_Navigation/install/terrain_analysis:/home/lin/SX_RM_Navigation/Path_Navigation/install/small_gicp_relocalization:/home/lin/SX_RM_Navigation/Path_Navigation/install/pointcloud_to_laserscan:/home/lin/SX_RM_Navigation/Path_Navigation/install/path_tracking_controller:/home/lin/SX_RM_Navigation/Path_Navigation/install/livox_ros_driver2:/home/lin/SX_RM_Navigation/Path_Navigation/install/nav_bringup:/home/lin/SX_RM_Navigation/Path_Navigation/install/spin_conversion:/home/lin/SX_RM_Navigation/Path_Navigation/install/sensor_scan_generation:/home/lin/SX_RM_Navigation/Path_Navigation/install/robot_description:/home/lin/SX_RM_Navigation/Path_Navigation/install/map_cost_extend:/home/lin/SX_RM_Navigation/Path_Navigation/install/loam_interface:/home/lin/SX_RM_Navigation/Path_Navigation/install/ign_sim_pointcloud_tool:/opt/ros/humble LD_LIBRARY_PATH=/home/lin/SX_RM_Navigation/Path_Navigation/install/small_gicp_relocalization/lib:/home/lin/SX_RM_Navigation/Path_Navigation/install/pointcloud_to_laserscan/lib:/home/lin/SX_RM_Navigation/Path_Navigation/install/path_tracking_controller/lib:/home/lin/SX_RM_Navigation/Path_Navigation/install/livox_ros_driver2/lib:/home/lin/SX_RM_Navigation/Path_Navigation/install/spin_conversion/lib:/home/lin/SX_RM_Navigation/Path_Navigation/install/sensor_scan_generation/lib:/home/lin/SX_RM_Navigation/Path_Navigation/install/map_cost_extend/lib:/home/lin/SX_RM_Navigation/Path_Navigation/install/loam_interface/lib:/home/lin/SX_RM_Navigation/Path_Navigation/install/ign_sim_pointcloud_tool/lib:/opt/ros/humble/opt/rviz_ogre_vendor/lib:/opt/ros/humble/lib/x86_64-linux-gnu:/opt/ros/humble/lib /usr/bin/cmake --build /home/lin/SX_RM_Navigation/Path_Navigation/build/nav_bringup -- -j32 -l32
[0.633s] DEBUG:colcon.colcon_core.event_handler.log_command:Invoking command in '/home/lin/SX_RM_Navigation/Path_Navigation/build/nav_bringup': CMAKE_PREFIX_PATH=/home/lin/SX_RM_Navigation/Path_Navigation/install/point_lio:/home/lin/SX_RM_Navigation/Path_Navigation/install/terrain_analysis_ext:/home/lin/SX_RM_Navigation/Path_Navigation/install/terrain_analysis:/home/lin/SX_RM_Navigation/Path_Navigation/install/small_gicp_relocalization:/home/lin/SX_RM_Navigation/Path_Navigation/install/pointcloud_to_laserscan:/home/lin/SX_RM_Navigation/Path_Navigation/install/path_tracking_controller:/home/lin/SX_RM_Navigation/Path_Navigation/install/livox_ros_driver2:/home/lin/SX_RM_Navigation/Path_Navigation/install/nav_bringup:/home/lin/SX_RM_Navigation/Path_Navigation/install/spin_conversion:/home/lin/SX_RM_Navigation/Path_Navigation/install/sensor_scan_generation:/home/lin/SX_RM_Navigation/Path_Navigation/install/robot_description:/home/lin/SX_RM_Navigation/Path_Navigation/install/map_cost_extend:/home/lin/SX_RM_Navigation/Path_Navigation/install/loam_interface:/home/lin/SX_RM_Navigation/Path_Navigation/install/ign_sim_pointcloud_tool:/opt/ros/humble LD_LIBRARY_PATH=/home/lin/SX_RM_Navigation/Path_Navigation/install/small_gicp_relocalization/lib:/home/lin/SX_RM_Navigation/Path_Navigation/install/pointcloud_to_laserscan/lib:/home/lin/SX_RM_Navigation/Path_Navigation/install/path_tracking_controller/lib:/home/lin/SX_RM_Navigation/Path_Navigation/install/livox_ros_driver2/lib:/home/lin/SX_RM_Navigation/Path_Navigation/install/spin_conversion/lib:/home/lin/SX_RM_Navigation/Path_Navigation/install/sensor_scan_generation/lib:/home/lin/SX_RM_Navigation/Path_Navigation/install/map_cost_extend/lib:/home/lin/SX_RM_Navigation/Path_Navigation/install/loam_interface/lib:/home/lin/SX_RM_Navigation/Path_Navigation/install/ign_sim_pointcloud_tool/lib:/opt/ros/humble/opt/rviz_ogre_vendor/lib:/opt/ros/humble/lib/x86_64-linux-gnu:/opt/ros/humble/lib /usr/bin/cmake --install /home/lin/SX_RM_Navigation/Path_Navigation/build/nav_bringup
[0.660s] Level 1:colcon.colcon_core.environment:create_environment_scripts_only(nav_bringup)
[0.660s] Level 1:colcon.colcon_core.environment:checking '/home/lin/SX_RM_Navigation/Path_Navigation/install/nav_bringup' for CMake module files
[0.661s] DEBUG:colcon.colcon_core.event_handler.log_command:Invoked command in '/home/lin/SX_RM_Navigation/Path_Navigation/build/nav_bringup' returned '0': CMAKE_PREFIX_PATH=/home/lin/SX_RM_Navigation/Path_Navigation/install/point_lio:/home/lin/SX_RM_Navigation/Path_Navigation/install/terrain_analysis_ext:/home/lin/SX_RM_Navigation/Path_Navigation/install/terrain_analysis:/home/lin/SX_RM_Navigation/Path_Navigation/install/small_gicp_relocalization:/home/lin/SX_RM_Navigation/Path_Navigation/install/pointcloud_to_laserscan:/home/lin/SX_RM_Navigation/Path_Navigation/install/path_tracking_controller:/home/lin/SX_RM_Navigation/Path_Navigation/install/livox_ros_driver2:/home/lin/SX_RM_Navigation/Path_Navigation/install/nav_bringup:/home/lin/SX_RM_Navigation/Path_Navigation/install/spin_conversion:/home/lin/SX_RM_Navigation/Path_Navigation/install/sensor_scan_generation:/home/lin/SX_RM_Navigation/Path_Navigation/install/robot_description:/home/lin/SX_RM_Navigation/Path_Navigation/install/map_cost_extend:/home/lin/SX_RM_Navigation/Path_Navigation/install/loam_interface:/home/lin/SX_RM_Navigation/Path_Navigation/install/ign_sim_pointcloud_tool:/opt/ros/humble LD_LIBRARY_PATH=/home/lin/SX_RM_Navigation/Path_Navigation/install/small_gicp_relocalization/lib:/home/lin/SX_RM_Navigation/Path_Navigation/install/pointcloud_to_laserscan/lib:/home/lin/SX_RM_Navigation/Path_Navigation/install/path_tracking_controller/lib:/home/lin/SX_RM_Navigation/Path_Navigation/install/livox_ros_driver2/lib:/home/lin/SX_RM_Navigation/Path_Navigation/install/spin_conversion/lib:/home/lin/SX_RM_Navigation/Path_Navigation/install/sensor_scan_generation/lib:/home/lin/SX_RM_Navigation/Path_Navigation/install/map_cost_extend/lib:/home/lin/SX_RM_Navigation/Path_Navigation/install/loam_interface/lib:/home/lin/SX_RM_Navigation/Path_Navigation/install/ign_sim_pointcloud_tool/lib:/opt/ros/humble/opt/rviz_ogre_vendor/lib:/opt/ros/humble/lib/x86_64-linux-gnu:/opt/ros/humble/lib /usr/bin/cmake --install /home/lin/SX_RM_Navigation/Path_Navigation/build/nav_bringup
[0.661s] Level 1:colcon.colcon_core.environment:checking '/home/lin/SX_RM_Navigation/Path_Navigation/install/nav_bringup' for CMake config files
[0.662s] Level 1:colcon.colcon_core.shell:create_environment_hook('nav_bringup', 'cmake_prefix_path')
[0.662s] INFO:colcon.colcon_core.shell:Creating environment hook '/home/lin/SX_RM_Navigation/Path_Navigation/install/nav_bringup/share/nav_bringup/hook/cmake_prefix_path.ps1'
[0.662s] INFO:colcon.colcon_core.shell:Creating environment descriptor '/home/lin/SX_RM_Navigation/Path_Navigation/install/nav_bringup/share/nav_bringup/hook/cmake_prefix_path.dsv'
[0.662s] INFO:colcon.colcon_core.shell:Creating environment hook '/home/lin/SX_RM_Navigation/Path_Navigation/install/nav_bringup/share/nav_bringup/hook/cmake_prefix_path.sh'
[0.663s] Level 1:colcon.colcon_core.environment:checking '/home/lin/SX_RM_Navigation/Path_Navigation/install/nav_bringup/bin'
[0.663s] Level 1:colcon.colcon_core.environment:checking '/home/lin/SX_RM_Navigation/Path_Navigation/install/nav_bringup/lib/pkgconfig/nav_bringup.pc'
[0.663s] Level 1:colcon.colcon_core.environment:checking '/home/lin/SX_RM_Navigation/Path_Navigation/install/nav_bringup/lib/python3.10/site-packages'
[0.663s] Level 1:colcon.colcon_core.environment:checking '/home/lin/SX_RM_Navigation/Path_Navigation/install/nav_bringup/bin'
[0.664s] INFO:colcon.colcon_core.shell:Creating package script '/home/lin/SX_RM_Navigation/Path_Navigation/install/nav_bringup/share/nav_bringup/package.ps1'
[0.664s] INFO:colcon.colcon_core.shell:Creating package descriptor '/home/lin/SX_RM_Navigation/Path_Navigation/install/nav_bringup/share/nav_bringup/package.dsv'
[0.664s] INFO:colcon.colcon_core.shell:Creating package script '/home/lin/SX_RM_Navigation/Path_Navigation/install/nav_bringup/share/nav_bringup/package.sh'
[0.665s] INFO:colcon.colcon_core.shell:Creating package script '/home/lin/SX_RM_Navigation/Path_Navigation/install/nav_bringup/share/nav_bringup/package.bash'
[0.665s] INFO:colcon.colcon_core.shell:Creating package script '/home/lin/SX_RM_Navigation/Path_Navigation/install/nav_bringup/share/nav_bringup/package.zsh'
[0.665s] Level 1:colcon.colcon_core.environment:create_file_with_runtime_dependencies(/home/lin/SX_RM_Navigation/Path_Navigation/install/nav_bringup/share/colcon-core/packages/nav_bringup)
[0.665s] Level 1:colcon.colcon_core.environment:create_environment_scripts_only(nav_bringup)
[0.666s] Level 1:colcon.colcon_core.environment:checking '/home/lin/SX_RM_Navigation/Path_Navigation/install/nav_bringup' for CMake module files
[0.666s] Level 1:colcon.colcon_core.environment:checking '/home/lin/SX_RM_Navigation/Path_Navigation/install/nav_bringup' for CMake config files
[0.666s] Level 1:colcon.colcon_core.shell:create_environment_hook('nav_bringup', 'cmake_prefix_path')
[0.666s] INFO:colcon.colcon_core.shell:Creating environment hook '/home/lin/SX_RM_Navigation/Path_Navigation/install/nav_bringup/share/nav_bringup/hook/cmake_prefix_path.ps1'
[0.667s] INFO:colcon.colcon_core.shell:Creating environment descriptor '/home/lin/SX_RM_Navigation/Path_Navigation/install/nav_bringup/share/nav_bringup/hook/cmake_prefix_path.dsv'
[0.667s] INFO:colcon.colcon_core.shell:Creating environment hook '/home/lin/SX_RM_Navigation/Path_Navigation/install/nav_bringup/share/nav_bringup/hook/cmake_prefix_path.sh'
[0.667s] Level 1:colcon.colcon_core.environment:checking '/home/lin/SX_RM_Navigation/Path_Navigation/install/nav_bringup/bin'
[0.668s] Level 1:colcon.colcon_core.environment:checking '/home/lin/SX_RM_Navigation/Path_Navigation/install/nav_bringup/lib/pkgconfig/nav_bringup.pc'
[0.668s] Level 1:colcon.colcon_core.environment:checking '/home/lin/SX_RM_Navigation/Path_Navigation/install/nav_bringup/lib/python3.10/site-packages'
[0.668s] Level 1:colcon.colcon_core.environment:checking '/home/lin/SX_RM_Navigation/Path_Navigation/install/nav_bringup/bin'
[0.668s] INFO:colcon.colcon_core.shell:Creating package script '/home/lin/SX_RM_Navigation/Path_Navigation/install/nav_bringup/share/nav_bringup/package.ps1'
[0.668s] INFO:colcon.colcon_core.shell:Creating package descriptor '/home/lin/SX_RM_Navigation/Path_Navigation/install/nav_bringup/share/nav_bringup/package.dsv'
[0.668s] INFO:colcon.colcon_core.shell:Creating package script '/home/lin/SX_RM_Navigation/Path_Navigation/install/nav_bringup/share/nav_bringup/package.sh'
[0.669s] INFO:colcon.colcon_core.shell:Creating package script '/home/lin/SX_RM_Navigation/Path_Navigation/install/nav_bringup/share/nav_bringup/package.bash'
[0.669s] INFO:colcon.colcon_core.shell:Creating package script '/home/lin/SX_RM_Navigation/Path_Navigation/install/nav_bringup/share/nav_bringup/package.zsh'
[0.669s] Level 1:colcon.colcon_core.environment:create_file_with_runtime_dependencies(/home/lin/SX_RM_Navigation/Path_Navigation/install/nav_bringup/share/colcon-core/packages/nav_bringup)
[1.000s] DEBUG:colcon.colcon_core.event_handler.log_command:Invoked command in '/home/lin/SX_RM_Navigation/Path_Navigation/build/TF_transform' returned '0': CMAKE_PREFIX_PATH=${CMAKE_PREFIX_PATH}:/opt/ros/humble /usr/bin/cmake /home/lin/SX_RM_Navigation/Path_Navigation/src/TF_transform -DCMAKE_BUILD_TYPE=Release -DAMENT_CMAKE_SYMLINK_INSTALL=1 -DCMAKE_INSTALL_PREFIX=/home/lin/SX_RM_Navigation/Path_Navigation/install/TF_transform
[1.000s] DEBUG:colcon.colcon_core.event_handler.log_command:Invoking command in '/home/lin/SX_RM_Navigation/Path_Navigation/build/TF_transform': CMAKE_PREFIX_PATH=${CMAKE_PREFIX_PATH}:/opt/ros/humble /usr/bin/cmake --build /home/lin/SX_RM_Navigation/Path_Navigation/build/TF_transform -- -j32 -l32
[3.289s] DEBUG:colcon.colcon_core.event_handler.log_command:Invoked command in '/home/lin/SX_RM_Navigation/Path_Navigation/build/TF_transform' returned '0': CMAKE_PREFIX_PATH=${CMAKE_PREFIX_PATH}:/opt/ros/humble /usr/bin/cmake --build /home/lin/SX_RM_Navigation/Path_Navigation/build/TF_transform -- -j32 -l32
[3.289s] DEBUG:colcon.colcon_core.event_handler.log_command:Invoking command in '/home/lin/SX_RM_Navigation/Path_Navigation/build/TF_transform': CMAKE_PREFIX_PATH=${CMAKE_PREFIX_PATH}:/opt/ros/humble /usr/bin/cmake --install /home/lin/SX_RM_Navigation/Path_Navigation/build/TF_transform
[3.431s] Level 1:colcon.colcon_core.environment:create_environment_scripts_only(TF_transform)
[3.431s] DEBUG:colcon.colcon_core.event_handler.log_command:Invoked command in '/home/lin/SX_RM_Navigation/Path_Navigation/build/TF_transform' returned '0': CMAKE_PREFIX_PATH=${CMAKE_PREFIX_PATH}:/opt/ros/humble /usr/bin/cmake --install /home/lin/SX_RM_Navigation/Path_Navigation/build/TF_transform
[3.432s] Level 1:colcon.colcon_core.environment:checking '/home/lin/SX_RM_Navigation/Path_Navigation/install/TF_transform' for CMake module files
[3.433s] Level 1:colcon.colcon_core.environment:checking '/home/lin/SX_RM_Navigation/Path_Navigation/install/TF_transform' for CMake config files
[3.433s] Level 1:colcon.colcon_core.shell:create_environment_hook('TF_transform', 'cmake_prefix_path')
[3.433s] INFO:colcon.colcon_core.shell:Creating environment hook '/home/lin/SX_RM_Navigation/Path_Navigation/install/TF_transform/share/TF_transform/hook/cmake_prefix_path.ps1'
[3.434s] INFO:colcon.colcon_core.shell:Creating environment descriptor '/home/lin/SX_RM_Navigation/Path_Navigation/install/TF_transform/share/TF_transform/hook/cmake_prefix_path.dsv'
[3.434s] INFO:colcon.colcon_core.shell:Creating environment hook '/home/lin/SX_RM_Navigation/Path_Navigation/install/TF_transform/share/TF_transform/hook/cmake_prefix_path.sh'
[3.435s] Level 1:colcon.colcon_core.environment:checking '/home/lin/SX_RM_Navigation/Path_Navigation/install/TF_transform/lib'
[3.435s] Level 1:colcon.colcon_core.environment:checking '/home/lin/SX_RM_Navigation/Path_Navigation/install/TF_transform/bin'
[3.435s] Level 1:colcon.colcon_core.environment:checking '/home/lin/SX_RM_Navigation/Path_Navigation/install/TF_transform/lib/pkgconfig/TF_transform.pc'
[3.435s] Level 1:colcon.colcon_core.environment:checking '/home/lin/SX_RM_Navigation/Path_Navigation/install/TF_transform/lib/python3.10/site-packages'
[3.436s] Level 1:colcon.colcon_core.environment:checking '/home/lin/SX_RM_Navigation/Path_Navigation/install/TF_transform/bin'
[3.436s] INFO:colcon.colcon_core.shell:Creating package script '/home/lin/SX_RM_Navigation/Path_Navigation/install/TF_transform/share/TF_transform/package.ps1'
[3.437s] INFO:colcon.colcon_core.shell:Creating package descriptor '/home/lin/SX_RM_Navigation/Path_Navigation/install/TF_transform/share/TF_transform/package.dsv'
[3.437s] INFO:colcon.colcon_core.shell:Creating package script '/home/lin/SX_RM_Navigation/Path_Navigation/install/TF_transform/share/TF_transform/package.sh'
[3.437s] INFO:colcon.colcon_core.shell:Creating package script '/home/lin/SX_RM_Navigation/Path_Navigation/install/TF_transform/share/TF_transform/package.bash'
[3.437s] INFO:colcon.colcon_core.shell:Creating package script '/home/lin/SX_RM_Navigation/Path_Navigation/install/TF_transform/share/TF_transform/package.zsh'
[3.438s] Level 1:colcon.colcon_core.environment:create_file_with_runtime_dependencies(/home/lin/SX_RM_Navigation/Path_Navigation/install/TF_transform/share/colcon-core/packages/TF_transform)
[3.438s] Level 1:colcon.colcon_core.environment:create_environment_scripts_only(TF_transform)
[3.438s] Level 1:colcon.colcon_core.environment:checking '/home/lin/SX_RM_Navigation/Path_Navigation/install/TF_transform' for CMake module files
[3.439s] Level 1:colcon.colcon_core.environment:checking '/home/lin/SX_RM_Navigation/Path_Navigation/install/TF_transform' for CMake config files
[3.439s] Level 1:colcon.colcon_core.shell:create_environment_hook('TF_transform', 'cmake_prefix_path')
[3.439s] INFO:colcon.colcon_core.shell:Creating environment hook '/home/lin/SX_RM_Navigation/Path_Navigation/install/TF_transform/share/TF_transform/hook/cmake_prefix_path.ps1'
[3.439s] INFO:colcon.colcon_core.shell:Creating environment descriptor '/home/lin/SX_RM_Navigation/Path_Navigation/install/TF_transform/share/TF_transform/hook/cmake_prefix_path.dsv'
[3.440s] INFO:colcon.colcon_core.shell:Creating environment hook '/home/lin/SX_RM_Navigation/Path_Navigation/install/TF_transform/share/TF_transform/hook/cmake_prefix_path.sh'
[3.440s] Level 1:colcon.colcon_core.environment:checking '/home/lin/SX_RM_Navigation/Path_Navigation/install/TF_transform/lib'
[3.440s] Level 1:colcon.colcon_core.environment:checking '/home/lin/SX_RM_Navigation/Path_Navigation/install/TF_transform/bin'
[3.440s] Level 1:colcon.colcon_core.environment:checking '/home/lin/SX_RM_Navigation/Path_Navigation/install/TF_transform/lib/pkgconfig/TF_transform.pc'
[3.441s] Level 1:colcon.colcon_core.environment:checking '/home/lin/SX_RM_Navigation/Path_Navigation/install/TF_transform/lib/python3.10/site-packages'
[3.441s] Level 1:colcon.colcon_core.environment:checking '/home/lin/SX_RM_Navigation/Path_Navigation/install/TF_transform/bin'
[3.441s] INFO:colcon.colcon_core.shell:Creating package script '/home/lin/SX_RM_Navigation/Path_Navigation/install/TF_transform/share/TF_transform/package.ps1'
[3.442s] INFO:colcon.colcon_core.shell:Creating package descriptor '/home/lin/SX_RM_Navigation/Path_Navigation/install/TF_transform/share/TF_transform/package.dsv'
[3.442s] INFO:colcon.colcon_core.shell:Creating package script '/home/lin/SX_RM_Navigation/Path_Navigation/install/TF_transform/share/TF_transform/package.sh'
[3.442s] INFO:colcon.colcon_core.shell:Creating package script '/home/lin/SX_RM_Navigation/Path_Navigation/install/TF_transform/share/TF_transform/package.bash'
[3.443s] INFO:colcon.colcon_core.shell:Creating package script '/home/lin/SX_RM_Navigation/Path_Navigation/install/TF_transform/share/TF_transform/package.zsh'
[3.443s] Level 1:colcon.colcon_core.environment:create_file_with_runtime_dependencies(/home/lin/SX_RM_Navigation/Path_Navigation/install/TF_transform/share/colcon-core/packages/TF_transform)
[3.443s] DEBUG:colcon.colcon_parallel_executor.executor.parallel:closing loop
[3.443s] DEBUG:colcon.colcon_parallel_executor.executor.parallel:loop closed
[3.444s] DEBUG:colcon.colcon_parallel_executor.executor.parallel:run_until_complete finished with '0'
[3.444s] DEBUG:colcon.colcon_core.event_reactor:joining thread
[3.451s] INFO:colcon.colcon_core.plugin_system:Skipping extension 'colcon_notification.desktop_notification.terminal_notifier': Not used on non-Darwin systems
[3.451s] INFO:colcon.colcon_core.plugin_system:Skipping extension 'colcon_notification.desktop_notification.win32': Not used on non-Windows systems
[3.451s] INFO:colcon.colcon_notification.desktop_notification:Sending desktop notification using 'notify2'
[3.464s] DEBUG:colcon.colcon_core.event_reactor:joined thread
[3.465s] INFO:colcon.colcon_core.shell:Creating prefix script '/home/lin/SX_RM_Navigation/Path_Navigation/install/local_setup.ps1'
[3.465s] INFO:colcon.colcon_core.shell:Creating prefix util module '/home/lin/SX_RM_Navigation/Path_Navigation/install/_local_setup_util_ps1.py'
[3.467s] INFO:colcon.colcon_core.shell:Creating prefix chain script '/home/lin/SX_RM_Navigation/Path_Navigation/install/setup.ps1'
[3.468s] INFO:colcon.colcon_core.shell:Creating prefix script '/home/lin/SX_RM_Navigation/Path_Navigation/install/local_setup.sh'
[3.468s] INFO:colcon.colcon_core.shell:Creating prefix util module '/home/lin/SX_RM_Navigation/Path_Navigation/install/_local_setup_util_sh.py'
[3.469s] INFO:colcon.colcon_core.shell:Creating prefix chain script '/home/lin/SX_RM_Navigation/Path_Navigation/install/setup.sh'
[3.470s] INFO:colcon.colcon_core.shell:Creating prefix script '/home/lin/SX_RM_Navigation/Path_Navigation/install/local_setup.bash'
[3.470s] INFO:colcon.colcon_core.shell:Creating prefix chain script '/home/lin/SX_RM_Navigation/Path_Navigation/install/setup.bash'
[3.471s] INFO:colcon.colcon_core.shell:Creating prefix script '/home/lin/SX_RM_Navigation/Path_Navigation/install/local_setup.zsh'
[3.472s] INFO:colcon.colcon_core.shell:Creating prefix chain script '/home/lin/SX_RM_Navigation/Path_Navigation/install/setup.zsh'
